-90,90,7.98772e+08,0,"NA"
-89.1783,6.95854,2.95643e+08,0,"NA"
-87.5329,-86.3452,1.55539e+09,0,"NA"
-85.0974,86.389,7.85023e+08,0,"NA"
-85.0054,88.8865,7.68328e+08,0,"NA"
-84.1369,-88.5619,283,0,"NA"
-83.6351,76.7006,6.18066e+08,0,"NA"
-80.8353,86.3592,4.18276e+08,0,"NA"
-80.1562,0.000643,3.05,0,"NA"
-78.2188,0,2.7,0,"NA"
-78.2039,145.12,62,0,"NA"
-68.2326,-68.6774,86.08,1,"NA"
-65.9395,0,-13.1,0,"NA"
-61.8747,0.00039,3.05,0,"NA"
-61.5056,-23.8592,181.45,2,"NA"
-57.6562,0.000526,3.05,0,"NA"
-54.9417,-69.1828,2,8,"NA"
-54.7319,-67.9193,156,85,"3, Ushuaia, Tierra del Fuego 9410, Argentina"
-54.3352,-70.586,5,37,"NA"
-54.117,-126.941,1791.66,0,"NA"
-54.1101,-123.564,1790.51,0,"NA"
-54.0524,-138.26,1791.85,0,"NA"
-54.0649,-137.641,1792.39,0,"NA"
-54.0355,-132.086,1792.44,1,"NA"
-54.029,-130.319,1791.53,2,"NA"
-54.0864,-128.575,1790.79,0,"NA"
-54.0712,-121.878,1791.45,0,"NA"
-54.0269,-120.628,1791.87,0,"NA"
-53.9398,-140.988,1792.09,0,"NA"
-53.9794,-64.3247,12.07,2,"NA"
-53.8792,-141.872,1791.57,0,"NA"
-53.8209,-118.851,1791.38,0,"NA"
-53.8534,-67.7576,18.88,39,"3 & Ruta Complementaria B, Ro Grande, Tierra del Fuego 9420, Argentina"
-53.8343,83.5729,-9999,1,"NA"
-53.715,-143.895,1791.86,2,"NA"
-53.5687,-145.41,1791.24,0,"NA"
-53.5963,-117.51,1792.95,1,"NA"
-53.3901,-147.026,1791.12,0,"NA"
-53.086,-149.392,1699.8,0,"NA"
-52.8518,-150.956,1602.26,2,"NA"
-52.6029,-70.6,33.3,101,"255-CH, San Gregorio, Magallanes and Antarctic Region 6260000, Chile"
-52.6245,-64.0152,-1.6,1,"NA"
-52.5971,133.38,11.8,0,"NA"
-52.4819,-153.136,1601.42,0,"NA"
-52.3195,-154.014,1602.26,0,"NA"
-52.0499,-71.5435,173,91,"9, Laguna Blanca, Magallanes and Antarctic Region 6250000, Chile"
-51.8425,-156.384,1601.18,0,"NA"
-51.8837,-108.576,143,0,"NA"
-51.8567,-73.7012,62.58,31,"NA"
-51.8673,-63.3248,-5.17,1,"NA"
-51.5453,-157.731,1600.54,1,"NA"
-51.4875,-70.1301,115.39,92,"5, Guer Aike, Santa Cruz 9400, Argentina"
-51.223,-159.099,1601.27,0,"NA"
-50.9007,-160.3,1604.89,0,"NA"
-50.3825,-161.816,1601.2,0,"NA"
-50.3391,-72.4337,219.24,264,"11, Lago Argentino, Santa Cruz 9405, Argentina"
-50.1048,-134.212,1680.35,4,"NA"
-50.0769,-132.342,1680.3,2,"NA"
-50.0044,-129.896,1682.75,0,"NA"
-50.0958,-126.67,1680.39,2,"NA"
-50.0719,-122.115,1679.69,4,"NA"
-49.9794,-109.64,1580.94,1,"NA"
-49.8106,-163.39,1602.57,1,"NA"
-49.8463,-142.345,1778.27,3,"NA"
-49.8578,-107.809,1581.22,0,"NA"
-49.613,-145.002,1777.66,2,"NA"
-49.6033,0,-0.03,0,"NA"
-49.5759,-104.632,1581.35,1,"NA"
-49.3436,-147.433,1869.78,1,"NA"
-49.3125,-102.313,1478.66,0,"NA"
-49.2523,-148.163,1872.74,1,"NA"
-49.1365,-100.966,1478.25,0,"NA"
-49.0086,-100.058,1479.11,0,"NA"
-48.9117,-151.436,1871.22,0,"NA"
-48.8281,-152.584,1869.14,0,"NA"
-48.7782,-166.011,1601.25,4,"NA"
-48.5995,-74.4155,50.35,14,"NA"
-48.4239,-60.3437,-19.4,7,"NA"
-48.3815,-96.3144,1478.5,0,"NA"
-48.2876,-157.888,1870.98,1,"NA"
-48.1824,-158.697,1870.07,0,"NA"
-48.1195,-94.9557,1477.68,1,"NA"
-48.0928,-167.618,1599.88,0,"NA"
-47.8901,-160.716,1871.38,1,"NA"
-47.5653,-168.794,1599.65,2,"NA"
-47.5226,-162.91,1870.77,0,"NA"
-47.3536,-163.834,1870.94,1,"NA"
-47.2167,-169.544,1504.62,0,"NA"
-47.2989,-59.9267,1.74,2,"NA"
-47.1692,-71.9881,508.19,48,"Cochrane, Aisen of Gral. C. Ibez del Campo 6100000, Chile"
-47.0504,-165.384,1871.4,0,"NA"
-46.7016,-72.6908,336.18,60,"Carretera Austral, Chile Chico, Aisen of Gral. C. Ibez del Campo 6050000, Chile"
-46.7799,-67.3544,260.4,280,"3, Deseado, Santa Cruz, Argentina"
-46.413,-88.2834,1477.24,0,"NA"
-46.3076,-171.634,1499.96,0,"NA"
-46.0112,-87.1696,1477.36,2,"NA"
-45.8159,-172.739,1499.31,1,"NA"
-45.3343,-173.781,1498.48,2,"NA"
-45.2966,-172.041,1874.76,0,"NA"
-45.1073,-60.4206,-15.17,0,"NA"
-45.0836,-172.629,1963.9,0,"NA"
-44.9998,0.000197,3.05,0,"NA"
-44.7482,167.959,501.86,655,"Milford Sound Hwy, Milford Sound, Southland 9679, New Zealand"
-44.6643,-72.2489,190,104,"Carretera Austral, Lago Verde, Aisen of Gral. C. Ibez del Campo 5960000, Chile"
-44.4183,-66.3306,374.1,47,"3, Florentino Ameghino, Chubut, Argentina"
-44.4632,139.571,45.9,0,"NA"
-44.2603,-82.7838,1372.21,2,"NA"
-44.1292,-176.231,1597.87,0,"NA"
-44.1232,-175.135,1961.79,1,"NA"
-43.9933,-60.2866,52.04,2,"NA"
-43.712,169.493,40.51,559,"Haast Hwy, Haast, West Coast 7886, New Zealand"
-43.6823,-67.1438,365.62,8,"25, Mrtires, Chubut, Argentina"
-43.5292,-177.053,1395.81,0,"NA"
-43.2279,-80.484,1371.43,0,"NA"
-43.2496,-65.3114,17.56,550,"Rivadavia 35, Trelew, Chubut 9100, Argentina"
-42.8632,-59.6971,-2.62,0,"NA"
-42.8433,171.56,453,1549,"Great Alpine Way, Otira, West Coast 7875, New Zealand"
-42.537,-178.844,1960.17,0,"NA"
-42.5182,-68.2906,930,6,"67 & 4, Telsen, Chubut 9121, Argentina"
-42.0998,168.427,40.02,0,"NA"
-41.9422,147.604,483.2,2061,"453 Lake Leake Rd, Campbell Town, TAS 7210, Australia"
-41.8402,-178.89,1395.83,2,"NA"
-41.8145,-59.1432,79.44,2,"NA"
-41.8181,172.232,153.72,315,"SH 65 & Awapiriti Rd, Murchison, Tasman 7895, New Zealand"
-41.6352,-78.4787,1372.49,0,"NA"
-41.244,174.183,33.9,1708,"NA"
-40.674,-72.0522,849.62,405,"215 CH, Puyehue, Los Lagos 5360000, Chile"
-40.3293,173.043,2038.39,203,"NA"
-40.1107,-70.7516,640.35,34,"234, Colln Cur, Neuquen, Argentina"
-39.8914,167.875,2333.84,1,"NA"
-39.7014,171.671,2179.24,1,"NA"
-39.5978,-76.3604,1382.48,0,"NA"
-39.505,-71.8756,867.73,174,"5210000 Panguipulli, Panguipulli, Los Ros 5210000, Chile"
-39.5769,-70.351,933.64,25,"40, Catan Lil, Neuquen, Argentina"
-39.4577,175.676,810.3,1046,"SH 1, Waiouru, Manawatu Wanganui 4795, New Zealand"
-39.3747,0.000853,3.05,0,"NA"
-39.3762,166.067,2332.47,1,"NA"
-38.983,170.3,1929.89,0,"NA"
-38.9723,178.269,1396.16,28,"NA"
-38.6135,163.111,2329.59,0,"NA"
-38.3362,14.7,1,0,"NA"
-38.2815,-62.2767,248,105,"33, Tornquist, Buenos Aires 8160, Argentina"
-38.1389,-66.0791,258.15,39,"152, Cura C, La Pampa, Argentina"
-38.191,142.318,86,995,"Penshurst-Warrnambool Rd, Warrong, VIC 3283, Australia"
-38.1022,146.943,28.9,1044,"Princes Hwy, Kilmany, VIC 3851, Australia"
-37.8435,-74.6622,1382.73,1,"NA"
-37.8578,-70.0644,913.14,29,"40, Loncopu, Neuquen 8349, Argentina"
-37.8792,168.385,1931.91,1,"NA"
-37.7105,-72.2594,134.21,394,"Longitudinal Sur, Mulchn, Bio-Bio 4530000, Chile"
-37.7533,148.347,58.58,581,"Princes Hwy, Simpsons Creek, VIC 3888, Australia"
-37.6441,160.126,2332.22,0,"NA"
-37.3363,145.027,337.6,5313,"Hume Fwy, Wandong, VIC 3758, Australia"
-37.2081,-74.0726,1383.69,73,"NA"
-37.136,175.299,21.77,1210,"673 East Coast Rd, Kaiaua, Waikato 2473, New Zealand"
-37.0276,145.961,349,651,"Maroondah Hwy, Maindample, VIC 3723, Australia"
-36.5624,0.000397,3.05,0,"NA"
-36.5475,166.213,2176.5,2,"NA"
-36.4268,147.037,221,893,"Kiewa Valley Hwy, Kergunyah South, VIC 3691, Australia"
-36.3709,141.858,143.26,335,"5653 Western Hwy, Gerang Gerung, VIC 3418, Australia"
-36.3242,175.333,1596.56,76,"NA"
-36.2019,156.182,2331.41,1,"NA"
-36.2884,174.522,71.4,819,"278 Rodney St, Auckland, Auckland 0900, New Zealand"
-35.9825,-59.8805,55.89,301,"Ministro Francisco Emparanza, General Alvear, Buenos Aires 7263, Argentina"
-35.944,136.663,59.26,212,"West Bay Rd, Flinders Chase, SA 5223, Australia"
-35.5763,138.6,6,2530,"4 Fell St, Encounter Bay, SA 5211, Australia"
-35.4576,176.199,1597.09,0,"NA"
-35.3255,164.337,2175.87,14,"NA"
-35.1017,147.096,186.4,400,"Lockhart Rd, Collingullie, NSW 2650, Australia"
-35.0621,176.674,1561.43,1,"NA"
-34.81,-58.6036,-61.81,661,"Tristn Surez, Buenos Aires 1806, Argentina"
-34.6578,117.547,188.08,36,"Muirs Hwy, Mount Barker, WA 6324, Australia"
-34.6103,163.285,2175.78,1,"NA"
-34.5042,146.19,134.15,533,"Street, Whitton, NSW 2705, Australia"
-34.3028,150.007,611.06,1692,"Wombeyan Caves Rd, Wombeyan Caves, NSW 2580, Australia"
-34.2715,-64.387,224.93,14,"35, General Roca, Cordoba, Argentina"
-34.1752,143.96,94,164,"Oxley Rd, Oxley (South), NSW 2711, Australia"
-34.152,147.646,240.47,79,"Mary Gilmore Way, Morangarell, NSW 2666, Australia"
-34.1972,148.447,379.8,1369,"2453 Olympic Hwy, Bendick Murrell, NSW 2803, Australia"
-33.9645,142.774,84.73,147,"Arumpo Rd, Arumpo, NSW 2715, Australia"
-33.9115,144.712,112,73,"Wooranbara Corrong Rd, Booligal, NSW 2711, Australia"
-33.8485,116.082,243.35,2514,"South Western Hwy, WA 6255, Australia"
-33.8491,120.651,25.58,61,"Springdale Rd, Munglinup, WA 6450, Australia"
-33.7241,-1.01667,-5,0,"NA"
-33.7821,151.133,65.5,7293,"Ramp, Macquarie Park, NSW 2113, Australia"
-33.6643,-61.9308,2211.75,76,"General Lpez, Santa Fe 2726, Argentina"
-33.6909,161.976,2173.81,0,"NA"
-33.4262,-67.0251,539.92,22,"7, San Luis, San Luis 5724, Argentina"
-33.4906,15.2643,936.94,0,"NA"
-33.4367,138.149,64.07,1216,"MajorRoad, Merriton, SA 5523, Australia"
-33.3284,161.474,1915.08,2,"NA"
-33.1893,20.677,861.3,1180,"N1, Laingsburg, Western Cape, South Africa"
-33.0054,-58.6042,25.61,55,"14, Gualeguaych, Entre Rios 2820, Argentina"
-32.9011,-67.8284,1444.43,245,"Lavalle, Mendoza 5533, Argentina"
-32.9998,118.404,292.86,46,"Maiola Rd, North Lake Grace, WA 6353, Australia"
-32.7145,134.298,17.92,32,"Flinders Hwy, SA 5680, Australia"
-32.6712,-56.4855,153.35,91,"Brigadier General Fructuoso Rivera, Tacuarembo 45000, Uruguay"
-32.6844,150.007,686.77,637,"Bylong Valley Way, NSW 2849, Australia"
-32.6577,178.735,1598.65,0,"NA"
-32.5398,-63.4767,241.09,163,"Calle 7, Luca, Cordoba 5918, Argentina"
-32.5331,148.55,335.61,436,"Obley Rd, NSW 2869, Australia"
-32.4687,-71.2795,49.9,1706,"Autopista Aconcagua, La Ligua, Valparaso 2030000, Chile"
-32.4812,-54.112,170.77,163,"Bdier Gen Juan Antonio Lavalleja, Cerro Largo, Uruguay"
-32.3893,119.48,352.46,34,"Holland Trak, Forrestania, WA 6359, Australia"
-32.2628,125.503,107.32,13,"Eyre Hwy, Caiguna, WA 6443, Australia"
-32.1609,18.5739,1194.92,1262,"R364, Cederberg, Western Cape, South Africa"
-32.1456,146.991,255,86,"Plummers Rd, Five Ways, NSW 2825, Australia"
-32.0424,23.011,1060,557,"Beaufort West, Beaufort West, Western Cape 6970, South Africa"
-31.8763,127.849,16.96,5,"Eyre Hwy, Mundrabilla, WA 6443, Australia"
-31.7442,-58.3046,55.3,73,"14, Coln, Entre Rios 3287, Argentina"
-31.642,117.361,224.93,744,"Great Eastern Hwy, Cunderdin, WA 6407, Australia"
-31.6174,179.601,1597.69,2,"NA"
-31.5764,149.915,429.95,405,"Rockgedgiel Rd, Bundella, NSW 2343, Australia"
-31.4623,158.985,2174.59,0,"NA"
-31.3807,131.492,123.67,13,"Eyre Hwy, Yalata, SA 5690, Australia"
-31.2492,-61.5062,99.15,14,"Av. Int. Octavio Zbboli, Rafaela, Santa Fe 2300, Argentina"
-31.2864,-59.2607,73.2,9,"6, Villaguay, Entre Rios 3240, Argentina"
-31.1154,138.577,428.89,182,"Street, Alpana, SA 5730, Australia"
-31.1456,141.673,182,31,"Silver City Hwy, Fowlers Gap, NSW 2880, Australia"
-31.0946,28.3457,1273.35,342,"R56, Elundini, Eastern Cape, South Africa"
-30.9398,158.295,2171.63,1,"NA"
-30.8724,25.0589,1473.5,822,"N9, Umsobomvu, Northern Cape 9795, South Africa"
-30.7469,29.8049,1953.3,93,"Eastern Cape, South Africa"
-30.7507,146.479,168.85,30,"Mitchell Hwy, Byrock, NSW 2831, Australia"
-30.6716,-178.009,10360,2,"NA"
-30.5359,157.771,2175.4,1,"NA"
-30.4844,136.548,12407.1,34,"NA"
-30.3436,-59.5137,23.69,37,"12, La Paz, Entre Rios 3190, Argentina"
-30.1375,157.262,1914.46,1,"NA"
-29.9023,20.7111,909.06,15,"R27, Kai !Garib, Northern Cape, South Africa"
-29.9619,148.148,133.4,46,"Castlereagh Hwy, Walgett, NSW 2832, Australia"
-29.869,29.7219,1590.64,178,"R617, Ingwe, Kwazulu Natal, South Africa"
-29.8008,30.7661,623.74,1309,"Arthur Hopewell, eThekwini, Kwazulu Natal 3610, South Africa"
-29.7561,-178.842,1599.62,1,"NA"
-29.7192,0,-21,0,"NA"
-29.7489,156.769,2176.49,2,"NA"
-29.4104,136.824,18.53,28,"Oodnadatta Trak, Stuarts Creek, SA 5720, Australia"
-29.3455,-67.6902,1542.09,43,"40, Chilecito, La Rioja 5360, Argentina"
-29.2134,141.365,133.5,15,"Arterial, Tibooburra, NSW 2880, Australia"
-29.1481,144.916,167.06,9,"MajorRoad, Yantabulla, NSW 2840, Australia"
-29.0781,-62.7173,92.42,6,"34, Aguirre, Santiago del Estero, Argentina"
-29.0039,-52.3501,676.91,204,"BR-386, Fontoura Xavier, RS 99370-000, Brazil"
-29.0753,-51.5711,578.86,3643,"BR-470, Bento Gonalves, RS 95700-000, Brazil"
-29.0656,17.0874,314.97,53,"Richtersveld, Northern Cape, South Africa"
-28.9115,147.169,10684,40,"Hebel, QLD, Australia"
-28.853,23.197,1331.08,98,"N8, Siyancuma, Northern Cape 8730, South Africa"
-28.8917,117.84,429.58,80,"Great Northern Hwy, Paynes Find, WA 6612, Australia"
-28.7044,-65.1087,320,29,"157, Choya, Santiago del Estero 4233, Argentina"
-28.7264,29.8287,971.96,230,"Emnambithi-Ladysmith, Kwazulu Natal, South Africa"
-28.6701,-53.9085,434,204,"Boa Vista do Cadeado, RS 98118-000, Brazil"
-28.6491,26.503,1417.8,169,"Free State 9410, South Africa"
-28.5975,-177.649,1596.21,1,"NA"
-28.5738,24.553,1109.02,89,"R31, Dikgatlong, Northern Cape, South Africa"
-28.5066,119.77,430.33,34,"Menzies Sandstone Rd, Sandstone, WA 6639, Australia"
-28.5542,134.253,277,46,"Stuart Hwy, Mount Willoughby, SA 5723, Australia"
-28.4579,21.2484,804,72,"2 Murray St, Upington, Northern Cape 8801, South Africa"
-28.4265,25.3026,1287,24,"S87, Tokologo, Free State, South Africa"
-28.4735,122.491,518.46,23,"Great Central Rd, Laverton, WA 6440, Australia"
-28.3261,152.753,285,2480,"Mount Lindesay Hwy, Mount Lindesay, QLD 4287, Australia"
-28.0048,146.406,234.57,3,"Balonne Hwy, Linden, QLD 4490, Australia"
-27.8843,26.6846,1365,594,"R34, Matjhabeng, Free State 9459, South Africa"
-27.7661,18.4472,1039.32,59,"B3, Karasburg, Karas, Namibia"
-27.7554,124.044,418.49,1,"Great Central Rd, Lake Wells, WA 6440, Australia"
-27.6718,117.878,418.7,71,"81 Great Northern Hwy, Lake Austin, WA 6640, Australia"
-27.2825,-70.0442,834.86,116,"31-CH, Copiapo, Atacama 1530000, Chile"
-27.2128,-65.0848,325,714,"9, Leales, Tucuman, Argentina"
-27.2097,143.055,11575,0,"Eromanga, QLD, Australia"
-27.1498,30.4409,1408.95,2586,"R543, Mkhondo, Mpumalanga 2380, South Africa"
-26.9199,28.5487,1558.92,152,"N3, Dipaleseng, Mpumalanga 2410, South Africa"
-26.8896,138.125,2150.15,0,"NA"
-26.7668,-70.7523,14.6,42,"Longitudinal Norte, Caldera, Atacama 1570000, Chile"
-26.7081,125.762,480.36,5,"Great Central Rd, Gibson Desert South, WA 0872, Australia"
-26.7953,152.998,53,4839,"Steve Irwin Way, Landsborough, QLD 4550, Australia"
-26.6189,118.474,528.07,95,"3995 Great Northern Hwy, Meekatharra, WA 6642, Australia"
-26.5452,141.119,11642,1,"Tanbar, QLD, Australia"
-26.4268,133.248,415.91,29,"Stuart Hwy, De Rose Hill, SA 0872, Australia"
-26.3399,125.271,475.49,2,"Hunt Oil Rd, Gibson Desert South, WA 0872, Australia"
-26.3362,140.53,11635,1,"NA"
-26.1487,28.31,1698.48,3129,"65 Hanekam St, Benoni, Gauteng 1501, South Africa"
-25.9222,16.6854,1523.35,44,"C27, Berseba, Karas, Namibia"
-25.9776,136.833,2148.92,1,"Simpson, NT, Australia"
-25.786,20.0173,949.59,10,"Mier, Northern Cape, South Africa"
-25.678,30.2281,1588.22,173,"N4, eNtokozweni, Mpumalanga 1170, South Africa"
-25.6916,138.766,11668,1,"Birdsville, QLD, Australia"
-25.6271,144.499,10797,4,"Adavale, QLD, Australia"
-25.4893,-56.8109,127,77,"2, Itacurub de la Cordillera, Cordillera, Paraguay"
-25.4498,-55.0651,275.07,97,"7, Km. 48, Alto Paran, Paraguay"
-25.4899,31.53,340,6469,"N4, Nkomazi, Mpumalanga, South Africa"
-25.3508,17.8746,1032.59,1,"B1, Gibeon, Hardap, Namibia"
-25.2419,21.8889,1035.96,23,"Boso Trl, Kgalagadi, Western, Botswana"
-25.2205,133.06,425.04,179,"Lasseter Hwy, Ghan, NT 0872, Australia"
-25.1337,28.3097,1111.38,341,"Platinum Hwy, Bela-Bela, Limpopo 0480, South Africa"
-25.1231,128.449,615.7,3,"Great Central Rd, Ngaanyatjarra-Giles, WA 0872, Australia"
-25.1591,146.491,455.1,146,"Landsborough Hwy, Yandarlo, QLD 4478, Australia"
-24.9127,-69.9074,2155,30,"Longitudinal Norte, Taltal, Antofagasta 1300000, Chile"
-24.8206,18.7731,1077.16,5,"Mariental Rural, Hardap, Namibia"
-24.6487,18.026,1202.6,18,"M29, Mariental Rural, Hardap, Namibia"
-24.5029,-54.1256,413.02,82,"BR-163, Marechal Cndido Rondon, PR 85960-000, Brazil"
-24.5794,15.6918,703.36,90,"Gibeon, Hardap, Namibia"
-24.4983,20.4572,1086.43,17,"Kannaguass-Kaa, Kgalagadi, Western, Botswana"
-24.434,135.473,11719,3,"Hale, NT, Australia"
-24.2835,116.946,399.57,16,"Dooley Downs Rd, East Lyons River, WA 6705, Australia"
-24.2262,143.369,10844,0,"Stonehenge, QLD, Australia"
-24.1687,-174.01,1560.56,2,"NA"
-24.1359,-69.388,2723.1,310,"Antofagasta, Antofagasta 1240000, Chile"
-24.138,17.6752,1226.8,33,"B1, Mariental Rural, Hardap, Namibia"
-23.9032,24.9361,1086.91,45,"B127, Kweneng, South Eastern, Botswana"
-23.9362,133.288,606.73,221,"Larapinta Dr, Hugh, NT 0872, Australia"
-23.8719,22.1658,1122,14,"Kgalagadi, Western, Botswana"
-23.7994,132.342,687.96,424,"Street, Namatjira, NT 0872, Australia"
-23.6594,150.083,94.83,573,"Capricorn Hwy, Westwood, QLD 4702, Australia"
-23.5468,141.899,10826,0,"Opalton, QLD, Australia"
-23.5439,145.167,260,20,"Landsborough Hwy, Barcaldine, QLD 4725, Australia"
-23.4788,-57.6624,72.72,8,"5, Zona Pozo Colorado-Puerto Militar, Presidente Hayes, Paraguay"
-23.3119,15.5997,947.52,175,"C14 & D1998, Arandis, Erongo, Namibia"
-22.8546,-171.793,1600.21,2,"NA"
-22.8774,-59.5121,115.01,132,"9, Zona 25 Leguas Este, Presidente Hayes, Paraguay"
-22.7048,117.805,749.94,1356,"Tom Price-Paraburdoo Rd, Tom Price, WA 6751, Australia"
-22.4317,114.025,49,63,"Minilya-Exmouth Rd, Exmouth Gulf, WA 6707, Australia"
-22.3882,143.029,178.46,5,"Landsborough Hwy, Opalton, QLD 4733, Australia"
-22.2128,128.148,1980.74,2,"Gibson Desert North, WA, Australia"
-22.0257,-50.1343,443,1977,"Pompia - SP, Pompia, SP 17580-000, Brazil"
-22.0346,27.2828,994.14,93,"A1, Central, Eastern, Botswana"
-21.9398,-41.6316,55.89,443,"Rodovia Governador Mrio Covas, Campos dos Goytacazes, RJ 28010-550, Brazil"
-21.9213,133.548,514.92,85,"Stuart Hwy, Anmatjere, NT 0872, Australia"
-21.8295,114.148,3.02,10,"Yardie Creek Rd, North West Cape, WA 6707, Australia"
-21.8951,149.393,24,200,"Bruce Hwy, Carmila, QLD 4739, Australia"
-21.8533,165.941,60.7,970,"New Caledonia"
-21.656,-42.3688,185.19,477,"BR-393, Pirapetinga, MG 36730-000, Brazil"
-21.5044,16.8544,1448.82,187,"B1, Okahandja, Otjozondjupa, Namibia"
-21.4622,127.881,11168,2,"Gibson Desert North, WA, Australia"
-21.3597,15.4205,953,124,"D2306, Daures, Erongo, Namibia"
-21.0505,-54.4992,442.36,52,"BR-163, Sidrolndia, MS 79170-000, Brazil"
-21.0612,34.5208,55.41,112,"EN1, Machanga, Sofala, Mozambique"
-20.8092,-43.8084,1007.6,1438,"BR-040, Cristiano Otoni, MG 36426-000, Brazil"
-20.8548,126.666,11181,2,"Tanami, WA, Australia"
-20.7813,140.119,271.23,93,"Barkly Hwy, Cloncurry, QLD 4824, Australia"
-20.6526,141.974,155.87,35,"Flinders Hwy, Julia Creek, QLD 4823, Australia"
-20.549,33.5508,10726.5,664,"Chitobe, Manica, Mozambique"
-20.5176,47.2473,1292,1847,"Madagascar"
-20.431,29.8324,1040.76,309,"A9, Mberengwa, Midlands, Zimbabwe"
-20.3849,-42.9047,417.35,193,"MG-262, Ponte Nova, MG 35430-228, Brazil"
-20.3456,119.057,25.13,71,"Great Northern Hwy, De Grey, WA 6722, Australia"
-19.7925,15.9052,1285,279,"C38, Kamanjab, Kunene, Namibia"
-19.6582,-62.0007,2230.88,110,"Charagua, Santa Cruz, Bolivia"
-19.5121,146.256,409,390,"Hervey Range Rd, Dotswood, QLD 4820, Australia"
-19.0018,-42.1268,191,1644,"BR-381, Governador Valadares, MG 35060-360, Brazil"
-18.9627,46.9287,1379,376,"1, Madagascar"
-18.1192,-68.7614,4073.72,440,"I-4, Curahuara de Carangas, Oruro, Bolivia"
-18.1967,125.568,128.4,150,"4 Flynn Dr, Fitzroy Crossing, WA 6765, Australia"
-18.0412,23.3218,963.86,483,"Linyanti, Zambezi, Namibia"
-17.655,-65.6066,3649.3,349,"Calle 23, Vacas, Cochabamba, Bolivia"
-17.5441,146.228,4.38,533,"NA"
-16.6836,-166.871,73.8,379,"NA"
-15.9801,-56.468,166.18,20,"MT-060, Nossa Senhora do Livramento, MT 78170-000, Brazil"
-15.7574,46.2072,58.5,442,"MajorRoad, Madagascar"
-15.4869,126.305,413.8,763,"Kalumburu Rd, Drysdale River, WA 6740, Australia"
-15.0133,143.65,70.41,172,"Peninsula Developmental Rd, Laura, QLD 4871, Australia"
-14.322,-67.3776,172.69,263,"SR-8, Reyes, Beni, Bolivia"
-12.8573,14.8337,1336.28,89,"Ganda, Benguela, Angola"
-10.2455,-76.4753,11800.8,338,"Colpas, Huanuco, Peru"
-9.63656,-55.9411,3651.11,90,"Alta Floresta - MT, Alta Floresta, MT 78580-000, Brazil"
-9.52855,-77.529,3059.91,59,"Avenida Toribio de Luzuriaga, Huaraz, Ancash, Peru"
-9.06761,-78.5769,39.79,49,"Chimbote, Ancash, Peru"
-8.35678,-78.8763,102.2,200,"Vir, La Libertad, Peru"
-8.37076,114.677,14.9,2564,"Jalan Raya Mendoyo-Gilimanuk, Mendoyo, Bali, Indonesia"
-7.3326,108.671,46.1,298,"Jalan Raya Banjar Majenang, Wanareja, Central Java, Indonesia"
-6.92648,110.166,43,171,"Jalan Kendal-Weleri, Patebon, Central Java 51314, Indonesia"
-5.9195,38.8386,1458.79,1737,"NA"
-5.73642,-35.2047,6,1513,"Avenida Litornea, 702, Extremoz, RN 59575-000, Brazil"
-5.35847,105.246,673.44,205,"Jalan Soekarno-Hatta, Bandar Lampung, Lampung, Indonesia"
-4.21152,105.254,35.5,246,"Jalan Lintas Timur, Way Serdang, Lampung, Indonesia"
-3.25432,145.079,53,250,"NA"
-1.36136,-80.6445,358.71,445,"E483, Puerto de Cayo, Manab, Ecuador"
-1.04015,-79.9153,243.17,768,"Highway, Pichincha, Manab, Ecuador"
-0.685643,-78.3604,3933.1,2123,"Archidona, Napo, Ecuador"
-0.677139,10.2308,34.18,121,"Gabon"
-0.618373,30.9742,1277.23,1379,"Street, Kiruhura, Western, Uganda"
-0.0288177,-91.6033,18.87,38,"NA"
0.028502,-77.3571,531.11,692,"E45, Gonzalo Pizarro, Sucumbos, Ecuador"
0,-19.0943,3.40282e+38,0,"NA"
0.005493,52.6575,3.05,146,"NA"
1.41918,-75.8722,317.85,544,"Beln de los Andaquies, Caqueta 186010, Colombia"
1.4348,21.626,-1.77754e+06,51,"Congo (DRC)"
3.17014,32.9195,991.72,1157,"Kitgum-Acholibur, Pader, Northern, Uganda"
3.4124,-60.8915,112.61,723,"Boa Vista, RR 69301-380, Brazil"
3.74129,101.461,44.64,4842,"Lebuhraya Utara-Selatan, Hulu Bernam Timur, Perak 35900, Malaysia"
4.51424,-74.5524,1951.61,3348,"La Naveta, Cundinamarca department 252657, Colombia"
4.97055,12.9066,602,358,"Cameroon"
5.03594,-75.4725,2098.4,1482,"Avenida Alberto Mendoza Hoyos, Manizales, Caldas 170003, Colombia"
6.06377,80.8371,17.92,1204,"Street, Netolpitiya North, Southern, Sri Lanka"
6.39598,75.8212,108.01,156,"NA"
6.80389,-8.80481,264.98,196,"Liberia"
7.59077,100.055,15.1,414,"Phetkasem Road, Phatthalung, Phatthalung 93000, Thailand"
7.80949,98.5457,9.4,1332,"NA"
7.90701,-74.4851,10996.4,1357,"Montecristo, Bolvar department 134070, Colombia"
7.92224,126.076,33.15,7422,"Daang Maharlika, Monkayo, Davao Region, Philippines"
8.28462,-82.0821,35.4,392,"Carretera Interamericana, San Lorenzo, Chiriqu, Panama"
9.08286,1.88582,289.58,849,"NA"
9.0169,36.1688,1380.59,376,"Ethiopia"
9.0849,40.8671,1773.77,330,"4, Ethiopia"
9.809,-75.4749,94.83,400,"90, San Onofre, Sucre department 707018, Colombia"
9.81884,123.141,21.2,3328,"Dumaguete North Rd, Ayungon, Negros Island Region, Philippines"
9.9555,99.0827,21.29,365,"Wang Tako Lang Suan, Lang Suan, Chumphon 86110, Thailand"
10.1821,-83.259,12.47,1118,"Batan, Limon, Costa Rica"
10.6336,-11.458,709.11,802,"NA"
10.7573,106.647,63.9,1972,"HEM 100 Thai Phien 100/39, Ho Chi Minh, Thnh Ph H Ch Minh, Vietnam"
11.2433,-75.9225,-2152.1,196,"NA"
11.2755,75.8112,-78,2413,"SRA27 Premkumar Nada, Kozhikode, Kerala 673017, India"
11.3964,-85.777,53.49,404,"NIC-2, San Jorge, Rivas, Nicaragua"
11.3307,99.4789,68,285,"Phetkasem Road, Bang Saphan, Prachuap Khiri Khan 77190, Thailand"
12.3064,-86.055,91.18,446,"NIC-1, Tipitapa, Managua, Nicaragua"
12.4742,3.30639,296,148,"N7, Dosso, Niger"
12.6436,123.187,3.66,2528,"NA"
12.9824,-8.02609,394.05,33,"N3, Kati, Mali"
13.4974,-84.223,29.46,25,"NIC-21, Prinzapolca, Atlntico Norte, Nicaragua"
13.4876,-1.55324,307.76,53,"Burkina Faso"
13.4674,51.8501,1946.19,19,"NA"
13.589,77.7837,764.04,2519,"AH43, Chik Ballapur Sub-District, Karnataka 561209, India"
13.7092,79.6109,-1,726,"Yerpedu, Andhra Pradesh 517619, India"
13.9075,-4.55592,256.05,16,"Djnn, Mali"
14.2334,-3.48147,330.83,12,"Koro, Mali"
14.4745,-60.8475,91.4,1656,"Street, Sainte-Anne, French-Martinique"
14.4202,104.732,261.12,1301,"Sao Thong Chai Kantharalak, Kantharalak, Sisaket 33110, Thailand"
14.7187,100.108,3.98,1811,"340, Sam Chuk, Suphan Buri 72130, Thailand"
14.7965,101.529,284.65,1209,"Mittraphap Road, Pak Chong, Nakhon Ratchasima 30130, Thailand"
15.2565,77.6038,440.6,1639,"Tuggali, Andhra Pradesh 518390, India"
15.5789,106.293,293.57,998,"Laos"
15.7569,-96.2842,101.76,65,"Carretera San Pedro Pochutla-Salina Cruz, Santa Mara Huatulco, OAX 70980, Mexico"
15.762,121.568,65.6,8934,"Baler, Central Luzon, Philippines"
16.7304,-92.712,2349.71,201,"Carretera Chiapa de Corzo-San Cristbal, Zinacantn, CHIS 29353, Mexico"
16.8438,-92.1077,1200.82,1124,"Carretera Ocosingo-San Cristbal de las Casas, Ocosingo, CHIS 29950, Mexico"
16.8143,78.8362,280.2,675,"Hyderabad Road, Chintha Palle, TS 508250, India"
17.2876,-96.9541,1935.96,217,"Carretera Asuncin Nochixtlan-San Pablo Etla, San Pablo Huitzo, OAX 68220, Mexico"
17.6781,82.3804,84.7,61,"Golugonda, Andhra Pradesh 531084, India"
17.621,97.9508,594.84,1595,"105, Tha Song Yang, Tak 63150, Thailand"
17.6122,102.791,146,1027,"Mittraphap Road, Phen, Udon Thani 41150, Thailand"
18.274,103.833,135.91,444,"212, Bueng Kan, Bueng Kan Province 38000, Thailand"
18.4205,-71.6893,881.58,5423,"Carretera Jimani-Duverge, El Limn, Independencia, Dominican Republic"
18.7704,108.146,12203.3,284,"NA"
19.2376,79.4193,137,232,"SH-1, Rebbana, TS 504292, India"
19.2665,98.5826,1248.89,5939,"1265, Pai, Mae Hong Son 58130, Thailand"
19.3564,84.9005,86.6,50,"Chamakhandi, Odisha 760007, India"
19.9762,103.475,1386.84,1932,"Laos"
20.6779,-101.299,1736.41,731,"MEX-45 & Camino a San Jos Temascato, Irapuato, GTO 36547, Mexico"
20.7878,96.9927,1001.39,1137,"Myanmar"
21.0055,-102.583,1904.6,465,"MEX-80D, Valle de Guadalupe, JAL 47380, Mexico"
21.8864,-99.5812,1218.13,298,"Rioverde-Cd Valles, Rayn, SLP 79740, Mexico"
22.561,113.985,54,5081,"Guangdong, China"
23.0483,-99.1559,382.49,20,"Miguel Hidalgo, Gmez Faras, TAMPS 89780, Mexico"
23.0071,-82.5601,61.09,713,"Autopista Nacional, Bauta, Artemisa Province, Cuba"
23.6179,58.5447,30.11,1572,"Mutrah, Mutrah, Masqa, Oman"
24.6953,74.348,450.03,1195,"NH-76, Bhadesar, Rajasthan 312024, India"
24.8432,66.9955,987.82,43,"Karchi, Sindh, Pakistan"
25.2702,50.0589,1703.11,315,"Ahsa, Eastern Province 36361, Saudi Arabia"
25.6073,-100.853,1285,211,"Carretera Monterrey-Saltillo, Ramos Arizpe, COAH 25900, Mexico"
25.7808,-80.2029,-2.75,341,"719 NW 5th Ave, Miami, FL 33136, United States"
25.7687,68.4858,21.29,203,"Sindh, Pakistan"
26.3064,89.6011,35.69,776,"NH-31, Tufanganj-I, West Bengal 736177, India"
26.4741,72.4024,261.32,72,"NH-114, Shergarh, Rajasthan 342028, India"
26.8582,-99.2338,96.3,99,"US-83, Zapata, TX 78076, United States"
26.9902,109.756,328.9,425,"Hunan, China"
27.3431,-131.725,4825,21,"NA"
27.3698,5.31447,567584,121,"Algeria"
27.4225,94.8626,81.85,233,"NH-52B, Dibrugarh West Sub-District, Assam 786004, India"
27.769,-17.9533,1087.2,6693,"Calle Jarera Bajo, San Andrs, Canary Islands 38915, Spain"
27.997,30.8189,43.9,1298,"Markaz Abu Qurqas, Markaz Abu Qurqas, Al Minya, Egypt"
28.0019,77.3313,184.23,1153,"Mathura Road, Hodal Sub-District, Haryana 121105, India"
28.1932,-99.3105,162.5,273,"I-35 N, Encinal, TX 78019, United States"
28.6061,84.162,3137.4,2373,"Street, Pisang, Gandak, Nepal"
28.7501,-97.1054,23.4,442,"7973 US-59 N, Victoria, TX 77905, United States"
28.8357,90.0533,4497.95,130,"Tibet, China"
29.0344,89.4429,3938.18,35,"Tibet, China"
29.3317,110.425,1068.41,197,"Hunan, China"
29.5008,-79.5715,76.08,103,"NA"
29.6429,-98.206,226.05,703,"Ramp, New Braunfels, TX 78132, United States"
29.6629,-97.3776,108.2,1236,"I-10 E, Waelder, TX 78959, United States"
30.2656,35.0231,279.88,1007,"40, Beersheba, Darom, Israel"
30.2853,57.0471,1792.48,60,"8, Iran"
30.258,71.7588,124.5,330,"Punjab, Pakistan"
30.3145,-81.8011,20.3,619,"I-10 E, Jacksonville, FL 32220, United States"
30.5279,-84.5048,44.36,288,"I-10 E, Quincy, FL 32351, United States"
31.0887,113.715,41.5,1115,"Hubei, China"
31.2024,-5.6472,1851.64,655,"P1521, Ikniouen, Souss-Massa-Dra, Morocco"
31.2689,-4.41399,784.57,180,"N12, Bni M'Hamed Sijelmassa, Mekns, Morocco"
31.494,35.7819,700,461,"Kings Highway, Theban Aljadedah, Madaba, Jordan"
31.5527,-9.3379,405.33,1540,"R207, Mejji, Marrakech, Morocco"
31.5626,77.9765,1600.47,1248,"NH-22, Nichar, Himachal Pradesh 172103, India"
31.6942,35.0472,612.98,5727,"Street, Jerusalem"
31.8608,-116.607,23.21,198,"Calle 5TA, Ensenada, BCN 22830, Mexico"
31.9685,51.8663,1863,747,"Iran"
32.1222,-5.55164,2219.86,796,"R317, Bou Azmou, Mekns-Tafilalet, Morocco"
32.5784,35.549,-200.5,2419,"90, Yizre'el, Tsafon, Israel"
32.8625,-117.23,21.19,4105,"I-5 N, San Diego, CA 92122, United States"
32.8516,91.5302,4930,196,"Tibet, China"
33.0276,77.5891,4196.29,581,"NA"
33.2147,69.6208,10431.8,24,"Afghanistan"
33.2447,131.592,11.19,2182,"Oita, Japan"
33.4652,-107.228,1516.73,1644,"I-25 S, Truth Or Consequences, NM 87901, United States"
33.5813,-86.4482,256.7,175,"I-20 E, Pell City, AL 35128, United States"
33.5584,36.3309,782.17,728,"Damascus, Syria"
33.6077,-83.3506,153.95,675,"4243 Greensboro Rd, Madison, GA 30650, United States"
33.751,-89.0222,53.5,258,"Natchez Trace Pkwy, Mantee, MS 39751, United States"
33.9889,-87.7724,179.2,139,"US-78 W, Winfield, AL 35594, United States"
33.9799,130.048,19.07,1761,"NA"
34.0878,77.9679,4946.54,217,"NA"
34.2553,-83.1694,188.4,199,"5179 US-29, Royston, GA 30662, United States"
34.3165,-112.195,1046.53,1450,"Mayer, AZ 86333, United States"
34.4417,70.3956,533.7,130,"A01, Afghanistan"
34.6177,-86.1261,187,1348,"US-72 E, Scottsboro, AL 35768, United States"
34.8062,67.5916,2970.8,88,"Afghanistan"
34.9472,-98.0193,392.57,918,"I-44 E, Chickasha, OK 73018, United States"
34.9035,-91.2321,62.88,643,"I-40 W, Brinkley, AR 72021, United States"
34.9847,132.185,5.98,1916,"Shimane, Japan"
35.0159,134.252,197,6992,"Okayama, Japan"
35.1455,136.837,-13.7,8588,"Aichi, Japan"
35.2371,99.7655,3538,334,"Qinghai, China"
35.3012,-82.6738,716.84,511,"5244 Asheville Hwy, Pisgah Forest, NC 28768, United States"
35.3602,139.251,68.39,31802,"Highway, Japan"
35.4091,24.8039,72.85,1611,"Ethniki Odos Irakleiou-Rethymnou, Geropotamos, Crete 740 52, Greece"
35.4801,169.601,33.2,0,"NA"
35.5314,-108.63,2019.3,279,"I-40 W, Church Rock, NM 87311, United States"
35.5607,105.801,1734.28,594,"312, China"
35.5004,129.064,271.38,836,"469, Yangsan-si, South Gyeongsang, South Korea"
35.6969,74.6332,1374.34,102,"Gilgit and Baltistan, Pakistan"
35.7964,-77.9906,60.66,811,"I-95 N, Wilson, NC 27896, United States"
35.9094,-121.465,90.02,835,"CA-1, Big Sur, CA 93920, United States"
36.074,4.60527,1042.69,80,"Algeria"
36.1688,-97.0517,286.61,2999,"4539 N Perkins Rd, Stillwater, OK 74075, United States"
36.1731,28.0754,11.1,2563,"Rodou-Lindou & Masaron-Charakiou, Archangelos, Southern Aegean 851 02, Greece"
36.4321,-82.5659,492.48,246,"I-81 S, Jonesborough, TN 37659, United States"
36.4499,9.80895,195,998,"RR28, El Fahs, Zaghouan Governorate, Tunisia"
36.4452,127.924,261.79,3895,"406-3, Sangju-si, North Gyeongsang, South Korea"
36.6323,43.0691,10605.2,673,"Street, Tel Keppe, Nineveh Province, Iraq"
36.6628,120.539,58.05,2523,"Shandong, China"
36.7223,-102.513,1271,113,"861 S Cimarron Ave, Boise City, OK 73933, United States"
36.7241,-5.83202,123.2,3655,"Carretera Paterna de la Ribera, Arcos de la Frontera, Andalusia 11630, Spain"
36.7849,34.6106,11.5,1607,"smet nn Bulvar & 1115. Sokak, Mersin, Mersin 33110, Turkey"
36.9549,-93.6974,436.73,547,"US-60, MO 65605, United States"
36.9137,137.51,101.4,5342,"Toyama, Japan"
37.0261,58.581,1356.61,95,"Iran"
37.1395,-121.639,114.65,4968,"US-101 N, CA 95037, United States"
37.4038,126.926,46.77,1131,"San23-20, Manan-gu, Anyang-si, Gyeonggi, South Korea"
37.5339,14.2271,574,3654,"SS117bis, Enna, Sic. 94100, Italy"
37.6097,61.9312,227.01,21,"Turkmenistan"
37.7485,73.2356,3891,143,"Tajikistan"
37.9845,-75.5297,7.08,272,"3495 Charles M Lankford Jr Memorial Hwy, New Church, VA 23415, United States"
37.9238,23.0624,75.52,1441,"Ethniki Odos Athinon-Korinthou, Agioi Theodoroi, Peloponnese 200 03, Greece"
38.0302,-112.711,1770.41,1043,"I-15 N, Paragonah, UT 84760, United States"
38.2603,20.6738,23,1050,"Sami, Ionian Islands 280 80, Greece"
38.3491,-106.779,2557.73,723,"14653 CO-114, Gunnison, CO 81230, United States"
38.3078,33.8217,940.31,1202,"D-300, Aksaray, Aksaray 68000, Turkey"
38.453,70.8223,1293.89,38,"Highway, Tajikistan"
38.7443,-104.753,1737.29,858,"I-25 S, Colorado Springs, CO 80913, United States"
38.8851,115.501,15,1601,"Hebei, China"
38.9137,-81.5079,7172.05,647,"LeRoy, WV 25252, United States"
39.3495,48.5343,4.94,996,"E119, Calilabad, Mughan, Azerbaijan"
39.481,-98.1475,430.81,467,"2853 US-24, Beloit, KS 67420, United States"
39.4219,63.7945,192.4,278,"P77, Alat, Buxoro, Uzbekistan"
39.5676,21.9811,142,726,"Palaia Ethniki Odos Larisas-Trikalon, Oichalia, Thessaly 423 00, Greece"
39.6471,-77.9358,179.7,2727,"I-70 E, Clear Spring, MD 21722, United States"
39.6895,-75.6391,5,1227,"I-95 S, Newark, DE 19713, United States"
39.6602,-0.516803,240,3691,"CV-333, Olocau, Valencian Community 46169, Spain"
39.7625,-105.644,2508.3,2059,"I-70 W, Idaho Springs, CO 80452, United States"
39.8135,-100.996,902.33,282,"US-36, Atwood, KS 67730, United States"
39.8167,2.8611,862.92,3455,"Escorca, Autonoma of Balearic Islands, Spain"
39.9691,-8.6336,100.89,4136,"Pombal, Leiria 3105-291, Portugal"
39.9034,20.4079,417.67,1836,"Kalpakiou-Alvanikon Synoron, Delvinaki, Epirus 440 02, Greece"
40.1451,33.3503,1114,198,"D-140, Kalecik, Ankara 06870, Turkey"
40.1988,69.8709,359,1040,"Highway, Tajikistan"
40.2725,-118.365,1272.3,301,"I-80 E, Lovelock, NV 89419, United States"
40.4021,-79.5501,355.88,658,"6936 William Penn Hwy, Greensburg, PA 15601, United States"
40.4292,113.951,1028,176,"Shanxi, China"
40.5477,109.814,1650.21,90,"Inner Mongolia, China"
40.649,-122.221,165.97,546,"22532 CA-299, Bella Vista, CA 96008, United States"
40.6618,-73.8028,7.35,4669,"Rental Car N, Jamaica, NY 11430, United States"
40.6909,71.9425,416.63,106,"A373, Boz, Andijon, Uzbekistan"
40.7271,-85.4275,258.6,5154,"I-69 N, Warren, IN 46792, United States"
40.7274,16.9142,328.07,4654,"Autostrada Adriatica, Gioia del Colle, Pugl. 70023, Italy"
40.7302,22.9931,156.35,1110,"Egnatia Odos, Lagkadas, Central Macedonia 572 00, Greece"
40.8703,-121.431,1272.5,603,"Pacific Crest National Scenic, Hat Creek, CA 96040, United States"
40.8548,64.8021,129.1,262,"A378, Kanimekh, Navoiy, Uzbekistan"
40.9117,-74.7566,266.91,1086,"I-80 E, Budd Lake, NJ 07828, United States"
40.9459,71.1987,558.26,393,"Highway, Chust, Namangan, Uzbekistan"
41.1971,-78.5061,493.29,410,"1346 Fairview Rd, Penfield, PA 15849, United States"
41.2474,-2.47607,1113.5,4834,"N-111, Medinaceli, Castilla and Leon 42248, Spain"
41.3818,-81.264,356,1083,"US-422 W, Chagrin Falls, OH 44023, United States"
41.3273,-76.0071,365.92,728,"3420 PA-118, Dallas, PA 18612, United States"
41.4988,-95.449,396.9,604,"I-80 W, Avoca, IA 51521, United States"
41.5435,82.5774,1003.99,126,"314, China"
41.5515,122.038,-16.52,137,"Liaoning, China"
41.6343,-91.027,233.26,1105,"I-80 W, Tipton, IA 52772, United States"
41.7474,-85.0492,299.02,1269,"Indiana Toll Rd, Fremont, IN 46737, United States"
41.737,1.62445,457.11,8394,"Eix Transversal, Aguilar de Segarra, Catalonia 08256, Spain"
41.9719,84.3486,1056.15,16,"Xinjiang Uygur, China"
42.0586,8.95537,271.23,3714,"N193, Vero, Corsica 20172, France"
42.0538,66.5884,204.68,179,"Otirar audani, Yuzhno-Kazakhstanskaya Oblast 160700, Kazakhstan"
42.1157,-4.66144,757.84,2734,"Becerril de Campos, Castilla and Leon, Spain"
42.3284,-8.02096,108.66,1944,"Street, Cenlle, Galicia 32459, Spain"
42.3667,23.8842,668,2175,"8, Kostenets, Sofia City 2030, Bulgaria"
42.4702,25.8412,183.9,1576,"E773, Stara Zagora, Stara Zagora 6000, Bulgaria"
42.5674,-2.16866,452,5490,"Autova del Camino de Santiago, Los Arcos, Chartered Community of Navarre 31210, Spain"
42.5773,22.5848,791.3,1206,"6372, Treklyano, Kyustendil 2557, Bulgaria"
42.6626,-113,1299.3,827,"I-86 E, American Falls, ID 83211, United States"
42.697,-2.92037,486,884,"Calle Ircio, Bayas, Castilla and Leon 09200, Spain"
42.8905,-8.85873,210,923,"Barrio Mouris, Negreira, Galicia 15838, Spain"
42.9978,-81.5648,242.39,1314,"9259 Hickory Dr, Strathroy-Caradoc, ON N7G 3H3, Canada"
43.0258,11.778,553.92,7227,"Strada provinciale di Monticchiello, Pienza, Tosc. 53026, Italy"
43.0267,73.5383,573.5,1165,"A-2, Merke audani, Zhambil oblisi 080500, Kazakhstan"
43.1237,17.6827,44,3779,"Ulica Trbiat, apljina, Federation of Bosnia and Herzegovina 88300, Bosnia and Herzegovina"
43.1552,26.0182,268.53,4947,"E772, Strazhitsa, Veliko Turnovo 5150, Bulgaria"
43.2477,-0.053079,389.8,3429,"D817, Ger, Aquitaine 64530, France"
43.2235,40.4174,58.2,1679,"S1, Gudauta, Gudauta, Georgia"
43.4171,-3.55187,66.23,1038,"Autova del Cantbrico, Brcena de Cicero, Cantabria 39791, Spain"
43.482,10.2181,62.48,3708,"NA"
43.4913,12.6174,379.38,7173,"Street, Cantiano, Marc. 61044, Italy"
43.4412,23.1086,327.2,247,"1, Montana, Montana 3403, Bulgaria"
43.5849,-116.769,781.9,783,"18843 Houk Rd, Caldwell, ID 83607, United States"
43.5285,-1.19578,77,1268,"La Pyrnenne, Guiche, Aquitaine 64520, France"
43.5182,6.83867,226.53,3585,"2 Avenue de L Espeoutier, Frjus, PACA 83600, France"
43.6602,0.766968,154.5,1302,"N124, Aubiet, Mid-Pyrenees 32270, France"
43.7999,-79.1673,126.12,3249,"HWY-401 Express, Toronto, ON M1B, Canada"
43.7128,105.555,1482.87,64,"Baruunsuu, Omnogovi, Mongolia"
43.9476,4.61969,177,4850,"La Languedocienne, Fourns, Languedoc-Roussillon 30210, France"
43.9317,18.0903,521.7,1057,"Ulica Sarajevski put & Paleka uprija, Kiseljak, Federation of Bosnia and Herzegovina 71250, Bosnia and Herzegovina"
43.9668,20.8102,289.86,2508,"24, Kragujevac, Centralna Srbija 34231, Serbia"
43.9641,39.2592,40.2,2565,"A147, Sochi, Southern Federal District 354000, Russia"
43.9588,87.6139,600.48,172,"Xinjiang Uygur, China"
44.1467,3.77406,636.6,6068,"Street & Lieu-dit Saint-Roman-de-Tousque, Moissac-Valle-Franaise, Languedoc-Roussillon 48110, France"
44.1695,24.0626,163.1,479,"DN6, Castranova, Dolj 207165, Romania"
44.294,10,329.39,5398,"Arterial, Bagnone, Tosc. 54021, Italy"
44.326,-76.2904,102.52,1194,"HWY-401, Kingston, ON K0H, Canada"
44.3304,1.50239,254.89,1905,"L'Occitane, Fontanes, Mid-Pyrenees 46230, France"
44.3593,7.51679,630.2,2578,"Strada regionale del Colle di Tenda, Cuneo, Piem. 12100, Italy"
44.4028,-122.528,1427.28,3400,"Shot Pouch Rd, Cascadia, OR 97329, United States"
44.4237,-121.798,1338,588,"15492 US-20, Sisters, OR 97759, United States"
44.4885,-17.8008,9748.11,459,"NA"
44.4013,6.51272,1044.61,4112,"D27, Molans-Revel, PACA 04340, France"
44.4668,22.1617,110.59,531,"34, Majdanpek, Centralna Srbija 19220, Serbia"
44.5508,-89.6488,331.38,1079,"1809 CR-E, Stevens Point, WI 54481, United States"
44.5849,42.2269,502.2,3049,"Kavkaz, Andropovskiy rayon, North Caucasian Federal District 357081, Russia"
44.6368,0.0388833,33,675,"D668, Saint-Sulpice-de-Guilleragues, Aquitaine 33580, France"
44.6467,40.0148,182.27,1614,"A160, Maykop, Southern Federal District 385000, Russia"
44.779,-63.0785,-11.9,1236,"HWY-7 & W Jeddore Rd, Halifax, NS B0J, Canada"
44.8072,5.01332,302.8,8271,"D538, Vaunaveys-la-Rochette, Rhone-Alpes 26400, France"
44.8158,8.82912,205.9,2769,"Autostrada Milano-Genova, Pozzolo Formigaro, Piem. 15068, Italy"
44.8406,38.2871,34.44,12065,"Sovetskaya ulitsa 39, Abinskiy rayon, Southern Federal District, Russia"
44.9908,-68.7033,13,472,"I-95 S, Old Town, ME 04468, United States"
44.9691,-62.1532,-0.8,96,"Fleet's Ln & HWY-7, St Mary's, NS B0J, Canada"
45.0697,18.7894,91,2046,"Autocesta Bregana-Zagreb-Lipovac, Bonjaci, Vukovarsko-srijemska upanija 32270, Croatia"
45.1529,-81.4799,212.36,205,"5593 HWY-6, Northern Bruce Peninsula, ON N0H, Canada"
45.1713,9.96582,89.88,8973,"Exss415, Costa Sant Abramo, Lomb. 26022, Italy"
45.1786,28.675,18.89,2416,"DN22, Somova, Tulcea 827210, Romania"
45.1266,41.7825,264,1892,"Shpakovskiy rayon, Shpakovskiy rayon, North Caucasian Federal District 356245, Russia"
45.1325,66.2787,83,95,"A-17, Shiely audani, Qizilorda oblisi 120700, Kazakhstan"
45.2362,-0.276381,163.4,1093,"E606, Montlieu, Poitou-Charentes 17210, France"
45.3681,-92.9007,287.13,1469,"10016 Lake Blvd, Chisago City, MN 55013, United States"
45.4494,-73.7866,27.53,2038,"Autoroute du Souvenir, Pointe-Claire, QC H9S, Canada"
45.4393,-71.7845,232.98,3448,"5162 RTE-112, Ascot Corner, QC J0B 1A0, Canada"
45.474,1.76593,570.5,767,"D940, Le Lonzac, Limousin 19470, France"
45.4161,7.46714,614,9982,"SP460, Locana, Piem. 10080, Italy"
45.4818,24.5878,919.08,5160,"Transfagarasan, Arefu, Arge 117040, Romania"
45.5192,-6.01258,680.75,92,"NA"
45.5131,22.6291,550.97,610,"DN68, Bautar, Cara-Severin 327016, Romania"
45.6687,21.6955,146,1598,"DJ592, Racovita, Timi 307330, Romania"
45.8036,13.5795,58.2,5073,"Autostrada della Serenissima, Monfalcone, Fr.V.G. 34074, Italy"
45.8982,27.6286,105,7032,"DJ251A & DJ251H, Corod, Galai 807080, Romania"
45.8677,39.9836,55.78,1853,"03K-008, Tikhoretskiy rayon, Southern Federal District 352102, Russia"
45.9877,4.52871,2569.9,2323,"NA"
45.9418,12.6108,65.46,7118,"A28, Porcia, Fr.V.G. 33080, Italy"
45.9457,15.8316,146.3,6548,"Autocesta Zagreb-Macelj, Jakovlje, Zagreb 10297, Croatia"
46.0947,-0.764228,76.2,1488,"D911, Surgres, Poitou-Charentes 17700, France"
46.0332,8.2764,233.7,4327,"SS33, Vogogna, Piem. 28805, Italy"
46.1816,9.00054,231.81,8710,"A2, Monte Carasso, TI 6513, Switzerland"
46.1537,23.6431,241.3,5381,"DN1, Galda de Jos, Alba 517285, Romania"
46.2526,-60.2962,-5.4,120,"1245 Trans Canada Hwy, Cape Breton, NS B1Y, Canada"
46.2041,1.99764,478.8,931,"E62, Ajain, Limousin 23380, France"
46.2848,46.8503,-7.9,346,"R216, Narimanovskiy rayon, Southern Federal District 416111, Russia"
46.4594,-1.34744,17.65,2149,"25 Rue Raoul de Rochebrune, Saint-Cyr-en-Talmondais, Loire Region 85540, France"
46.4632,3.43513,245.3,1061,"D989, Neuilly-le-Ral, Auvergne 03340, France"
46.4793,20.7079,89,3394,"4427, Kardoskt, Bks 5945, Hungary"
46.4803,29.8836,181.2,1666,"R30, Olanesti, Stefan-Voda, Moldova"
46.5027,14.5826,525.98,5361,"Zauchen, Eisenkappel-Vellach, Carinthia 9135, Austria"
46.5553,39.4356,29.57,3821,"03K-026, Kushchyovskiy rayon, Southern Federal District, Russia"
46.5466,48.3659,-7.01,534,"E40, Krasnoyarskiy rayon, Southern Federal District 416150, Russia"
46.5413,96.8275,1760.68,154,"Tsagaan-Olom, Mongolia"
46.777,4.49932,371,1219,"Chemin du Breuil, Le Breuil, Burgundy 71670, France"
46.776,12.6252,901,8504,"Drautal Bundesstrae, Assling, Tyrol 9911, Austria"
46.7956,18.9183,118.1,4486,"Paksi utca 94, Dunafldvr, Tolna 7020, Hungary"
46.9799,15.8085,335.66,10150,"Rohr an der Raab 101, Edelsbach bei Feldbach, Styria 8330, Austria"
46.9612,35.3673,64.92,7055,"M18, Melitopolskyi raion, Zaporizhzhya, Ukraine"
47.06,5.44747,210.31,5719,"D905, Choisey, Franche-Comte 39100, France"
47.0822,54.0451,-7.01,475,"Astrahan-Atirau-Aqtau, Zhilioy audani, Atyrau, Kazakhstan"
47.2888,8.42402,485.33,11434,"A4, Affoltern am Albis, ZH 8909, Switzerland"
47.2622,19.6072,144.82,7213,"4 & 3115 / Bicskei t, Albertirsa, Pest 2730, Hungary"
47.3884,13.6395,750.45,5488,"Ennstal Bundesstrae, Schladming, Styria 8970, Austria"
47.3762,14.9553,638,4457,"Pyhrn Autobahn, Kammern im Liesingtal, Styria 8773, Austria"
47.3044,80.6192,632.68,210,"A-3, rzhar audani, Shigis Qazaqstan oblisi, Kazakhstan"
47.3216,108.005,10046,277,"Bayanjangalan, Tov, Mongolia"
47.5136,-111.207,1046.53,500,"680 Hickory St, Great Falls, MT 59405, United States"
47.553,44.6221,34.8,616,"Kaspiy, Sarpinskiy rayon, Southern Federal District 359410, Russia"
47.514,53.0521,-10.36,128,"Astrahan-Atirau-Aqtau, Maqat audani, Atyrau, Kazakhstan"
47.6164,2.7654,157,1584,"D2007, Briare, Center 45250, France"
47.6004,101.111,1694.46,262,"Dzaanhushuu, Mongolia"
47.7518,-116.786,452.1,573,"29 E Honeysuckle Ave, Hayden, ID 83835, United States"
47.8909,-9.13445,10283.3,24,"NA"
47.8019,12.2879,602.88,29606,"Sagbergstrae, Frasdorf, BY 83112, Germany"
47.8762,51.5721,-24.38,336,"A-28, Mahambet audani, Atyrau, Kazakhstan"
47.9184,6.10937,327.09,2676,"21 Rue du Gnral Marcot, Vauvillers, Franche-Comte 70210, France"
47.9015,7.98111,1106.61,18313,"Street, Oberried, BW 79254, Germany"
47.9896,13.4822,552.8,7947,"Msenthal, Vcklamarkt, Upper Austria 4870, Austria"
48.0903,-69.2339,41.78,514,"175 RTE-132, Notre-Dame-des-Neiges, QC G0L 4C0, Canada"
48.0409,-1.95333,143.3,6393,"N24, Saint-Thurial, Brittany 35310, France"
48.0701,2.05351,119.34,4507,"34 Place Gnral Leclerc, Neuville-aux-Bois, Center 45170, France"
48.0043,9.15732,598,27282,"Leitishofen, Messkirch, BW 88605, Germany"
48.1863,15.7422,261.13,10426,"West Autobahn, Bheimkirchen, Lower Austria 3071, Austria"
48.1901,40.2638,210.01,2580,"Kamenskiy rayon, Kamenskiy rayon, Southern Federal District 347836, Russia"
48.2858,-122.29,94.43,1630,"I-5 S, Stanwood, WA 98292, United States"
48.3596,-25.0032,169,232,"NA"
48.3606,17.6842,137.4,5289,"D1, Doln Lovice, Trnava 919 27, Slovakia"
48.3081,30.262,148.44,994,"M05, Ulianovskyi raion, Kirovohrad, Ukraine"
48.3384,46.1294,7.92,435,"Akhtubinskiy rayon, Southern Federal District, Russia"
48.3198,74.9816,788.2,591,"Aqtogay audani, Qaraghandy 100200, Kazakhstan"
48.4765,35.3626,118.1,1254,"M18, Synelnykovskyi raion, Dnipropetrovsk, Ukraine"
48.6939,6.11656,340.92,4329,"changeur de Nancy-Gentilly, Laxou, Lorraine 54520, France"
48.6936,43.7863,94.79,3340,"A260, Kalachevskiy rayon, Southern Federal District, Russia"
48.6991,80.818,805.2,2813,"A-3, Zharma audani, Shigis Qazaqstan oblisi, Kazakhstan"
48.7366,-54.1864,22.51,327,"Trans Canada Hwy, Newfoundland and Labrador, NL A0G, Canada"
48.7937,25.6368,276,3647,"Zalishchytskyi raion, Ternopil, Ukraine"
48.7809,97.874,1767.52,90,"MajorRoad, vgdiy, Zavkhan, Mongolia"
48.8708,39.7718,155.75,1241,"R22, Stanychno-Luhanskyi raion, Luhansk, Ukraine"
48.9106,26.6373,360.5,709,"Dunaievetskyi raion, Khmelnytsky, Ukraine"
48.9008,38.5157,50.89,1401,"Novoaidarskyi raion, Luhansk, Ukraine"
49.0675,-0.668153,115.98,3747,"E401, Maisoncelles-Pelvey, Lower Normandy 14310, France"
49.0959,18.4895,319,2313,"Zakvov 1576/88, Povask Bystrica, Trenciansky 017 01, Slovakia"
49.027,132.131,264.5,4886,"Amur, Obluchenskiy rayon, Far Eastern Federal District, Russia"
49.1291,4.2281,128.7,1519,"Autoroute de l'Est, Les Petites-Loges, Champagne-Ardenne 51400, France"
49.1026,11.8824,517.7,13211,"E56, Laaber, BY 93164, Germany"
49.2317,-123.841,5.42,1167,"Nanaimo District, BC, Canada"
49.2112,-57.3457,61.32,97,"Trans Canada Hwy, Deer Lake, NL A8A, Canada"
49.2756,8.73835,185.69,30966,"E50, Dielheim, BW 69234, Germany"
49.2119,12.8906,452.92,10208,"Offersdorf, Offersdorf, BY 93485, Germany"
49.2041,19.2313,484.64,10250,"70, Istebn, Zilina 027 53, Slovakia"
49.2285,84.3688,120.7,820,"R-25, Qatonqaragay audani, Shigis Qazaqstan oblisi 070900, Kazakhstan"
49.3784,-123.084,1038.91,1505,"North Vancouver District, BC V0M, Canada"
49.355,1.94222,223.64,5251,"5 Route de Beauvais, La Houssoye, Picardy 60390, France"
49.3084,10.1945,385,13367,"Hauptstrae, Diebach, BY 91583, Germany"
49.4719,16.8007,673.06,4955,"Skeln hu 69, Protivanov, Olomouc 798 48, Czech Republic"
49.4668,34.8513,115.17,364,"Mashivskyi raion, Poltava, Ukraine"
49.5832,-119.058,917.3,310,"HWY-33, Kootenay Boundary, BC V0H, Canada"
49.6257,35.5808,145.39,1714,"M18, Novovodolazkyi raion, Kharkiv, Ukraine"
49.6434,37.4201,184.71,985,"Shevchenkivskyi raion, Kharkiv, Ukraine"
49.8662,83.0532,591.8,2458,"R-25, Ziryan audani, Shigis Qazaqstan oblisi, Kazakhstan"
49.847,129.887,174.96,471,"Amur, Bureyskiy rayon, Far Eastern Federal District, Russia"
49.9134,-125.184,10.23,350,"4026 Island Hwy S, Strathcona, BC V9H, Canada"
49.9172,5.94759,295,7602,"N15, Lac Haute-Sre, Diekirch 9635, Luxembourg"
49.9753,40.6226,100.95,9868,"Bogucharskiy rayon, Bogucharskiy rayon, Central Federal District 396783, Russia"
50.0754,-121.547,337.93,147,"Trans Canada Hwy, Thompson-Nicola, BC V0K, Canada"
50.0587,45.2634,160,1261,"R228, Kamyshinskiy rayon, Southern Federal District 403859, Russia"
50.1474,-120.722,666.33,261,"Coquihalla Hwy, Thompson-Nicola, BC V0K, Canada"
50.1693,-91.3673,417.62,255,"Kenora District, ON, Canada"
50.1568,9.01523,105.51,33326,"E41, Erlensee, HE 63526, Germany"
50.2926,10.9686,319.16,23979,"A73, Lautertal, BY 96486, Germany"
50.2044,56.364,244.1,437,"M-32, Alga audani, Aqtobe, Kazakhstan"
50.3137,2.83504,86.57,4251,"D950, Athies, Nord-Pas-de-Calais 62223, France"
50.3441,35.2966,124.21,457,"T1705, Velykopysarivskyi raion, Sumy, Ukraine"
50.3155,44.5533,168.25,806,"Kotovskiy rayon, Southern Federal District, Russia"
50.4804,18.1048,266,4024,"A4, Zdzieszowice, OP 47-330, Poland"
50.4773,19.6136,355,10575,"ulica Czstochowska, Ogrodzieniec, SL 42-440, Poland"
50.436,33.3432,115.82,573,"R60, Lokhvytskyi raion, Poltava, Ukraine"
50.4092,86.8828,812.08,707,"Chuyskiy trakt, Ongudayskiy rayon, Siberian Federal District 649440, Russia"
50.4015,95.0534,1053,139,"Enisey, Erzinskiy Kozhuun, Siberian Federal District 668380, Russia"
50.5275,-103.92,-654,391,"Trans Canada Hwy, South Qu'Appelle No 157, SK S0G, Canada"
50.5793,27.4735,10412,1075,"Novohrad-Volynskyi raion, Zhytomyr, Ukraine"
50.7997,88.1863,1487.97,951,"Ulaganskiy rayon, Siberian Federal District, Russia"
50.8898,1.6881,-26.3,6015,"D244, Wissant, Nord-Pas-de-Calais 62179, France"
50.8196,7.20838,70.5,27321,"E35, Lohmar, NW 53797, Germany"
50.8734,61.5605,267.2,243,"yteke Bi audani, Aqtobe, Kazakhstan"
50.9113,-3.36344,67.63,12838,"M5, Cullompton, England EX16 7, United Kingdom"
50.9468,5.8372,107.33,12468,"A76, Geleen, Limburg 6164, Netherlands"
50.9261,114.127,861.5,1095,"Aginskiy rayon, Aginskiy rayon, Siberian Federal District 687000, Russia"
51.0975,-0.444365,71.76,30850,"Church Street, Rudgwick, England RH12 3, United Kingdom"
51.0563,6.64276,45,16065,"K26, NW 41515, Germany"
51.0739,35.6687,148,696,"Belovskiy rayon, Belovskiy rayon, Central Federal District 307925, Russia"
51.1293,16.3173,164.04,7183,"A4, Wdroe Wielkie, DS 59-430, Poland"
51.1641,36.2739,174.04,3172,"Krym, Oboyanskiy rayon, Central Federal District, Russia"
51.1578,107.694,659,369,"Baykal, Mukhorshibirskiy rayon, Siberian Federal District 671340, Russia"
51.2748,32.6912,138.38,787,"E101, Borznianskyi raion, Chernivtsi, Ukraine"
51.2039,49.4715,170.3,728,"E38, Ozinskiy rayon, Volga Federal District, Russia"
51.2621,71.4119,364,5482,"R-10, Astana, Astana 010007, Kazakhstan"
51.3329,46.504,112.2,2236,"R236, Engel'sskiy rayon, Volga Federal District 413151, Russia"
51.4196,56.6458,127.8,340,"R336, Belyaevskiy rayon, Volga Federal District 461330, Russia"
51.4253,78.2117,51.51,259,"M-38, Lebyazh'e audani, Pavlodar 140700, Kazakhstan"
51.5838,8.32138,138,13008,"E331, Anrchte, NW 59609, Germany"
51.529,31.1729,163.03,3411,"E95, Chernihivskyi raion, Chernivtsi, Ukraine"
51.6447,3.99298,45,20181,"N59, Nieuwerkerk, Zeeland 4306, Netherlands"
51.7537,59.7108,349.91,876,"Adamovskiy rayon, Volga Federal District, Russia"
51.891,47.5401,41.9,1152,"R226, Balakovskiy rayon, Volga Federal District 413808, Russia"
51.8002,145.008,92.4,1115,"NA"
51.985,29.1326,128.8,524,"R36, Mazyrski rayon, Homel, Belarus"
52.0819,-1.32191,146,22976,"M40, Banbury, England OX16 3, United Kingdom"
52.0438,41.6683,188.06,1544,"Kaspiy, Rzhaksinskiy rayon, Central Federal District 393520, Russia"
52.0235,56.5395,166.45,1837,"Saraktashskiy rayon, Saraktashskiy rayon, Volga Federal District 462100, Russia"
52.0676,106.956,465.72,683,"Baykal, Kabanskiy rayon, Siberian Federal District 671200, Russia"
52.1163,-106.684,466,738,"Saskatoon, SK S7M, Canada"
52.1571,13.2404,43.13,28254,"B101, Trebbin, BB 14959, Germany"
52.251,57.4601,498.04,647,"R361, Zilairskiy rayon, Volga Federal District 453680, Russia"
52.2729,82.302,214,4559,"A322, Shipunovskiy rayon, Siberian Federal District, Russia"
52.3098,6.00715,-7.7,14185,"A50, Emst, Gelderland 8166, Netherlands"
52.3088,9.6758,60.7,25538,"Ihmer Kirchweg, Ronnenberg, NI 30952, Germany"
52.3657,61.6333,234.27,527,"A-23, Denisov audani, Qostanay 110500, Kazakhstan"
52.3876,85.7805,173.74,4452,"Chuyskiy trakt, Biyskiy rayon, Siberian Federal District, Russia"
52.4974,0.982116,29.46,14683,"A11, Attleborough, England NR17 1, United Kingdom"
52.5184,7.72758,72.5,6525,"B214, Frstenau, NI 49584, Germany"
52.524,25.0362,143.56,2028,"M1, Byarozawski rayon, Brest, Belarus"
52.5377,31.0969,121.9,1108,"R30, Homyel'ski rayon, Homel, Belarus"
52.5351,31.9339,158,394,"ulitsa Lenina 4, Novozybkov, Central Federal District 243020, Russia"
52.5327,59.6506,357,257,"75K-009, Bredinskiy rayon, Ural Federal District, Russia"
52.611,40.7693,152.7,1793,"R119, Nikiforovskiy rayon, Central Federal District, Russia"
52.7894,-2.14337,98.73,17616,"M6, Stafford, England ST17 9, United Kingdom"
52.8767,29.316,170.61,250,"R31, Svyetlahorski rayon, Homel, Belarus"
52.8874,41.9521,151.18,5047,"Bondarskiy rayon, Bondarskiy rayon, Central Federal District 393230, Russia"
52.9283,23.5197,163.83,3940,"685 & Ancuty, Narew, PD 17-210, Poland"
52.9096,29.9272,136.64,513,"Homel, Belarus"
52.9024,103.46,470.7,1660,"Sibir', Usol'skiy rayon, Siberian Federal District, Russia"
53.0535,16.4262,78,3492,"Stradu / ulica Gorzowska, Trzcianka, WP 64-980, Poland"
53.0927,39.1833,129,6377,"Lebedyanskiy rayon, Central Federal District, Russia"
53.0872,46.5859,270.05,359,"Ural, Kuznetskiy rayon, Volga Federal District 442501, Russia"
53.1288,47.422,122.83,854,"Ural, Nikolaevskiy rayon, Volga Federal District, Russia"
53.1442,64.211,167.64,1585,"M-36, Altinsarin audani, Qostanay, Kazakhstan"
53.2658,6.92486,11144.7,2863,"Meerweg, Wagenborgen, Groningen 9945 RC, Netherlands"
53.2652,14.4126,37,2883,"B113, Mescherin, BB 16307, Germany"
53.2245,45.3337,186.23,1732,"Ural, Bessonovskiy rayon, Volga Federal District 442780, Russia"
53.249,49.1914,85.4,11186,"Ural, Syzranskiy rayon, Volga Federal District 446073, Russia"
53.3353,8.25303,-15.9,4987,"Bollenhagener Strae 55, Jade, NI 26349, Germany"
53.3978,77.7033,-36.88,873,"A-17, Uspen audani, Pavlodar 141000, Kazakhstan"
53.4912,-105.347,506.75,0,"HWY-120, Paddockwood No 520, SK S0J, Canada"
53.4205,34.765,219.76,2974,"Khvastovichskiy rayon, Khvastovichskiy rayon, Central Federal District 249300, Russia"
53.4363,58.8249,415.48,3279,"75K-518, Abzelilovskiy rayon, Volga Federal District 453620, Russia"
53.5117,-8.41447,116.91,13001,"N63, Ballinasloe, County Galway, Ireland"
53.5504,-2.2611,98.26,24685,"M60, Prestwich, England M25 2, United Kingdom"
53.5175,65.9626,198.92,865,"Sarikl audani, Qostanay 111600, Kazakhstan"
53.5093,81.5025,130.15,2010,"Kamenskiy rayon, Kamenskiy rayon, Siberian Federal District 658730, Russia"
53.5936,102.455,473.4,279,"Sibir', Zalarinskiy rayon, Siberian Federal District, Russia"
53.6213,9.26997,3.6,23588,"Stader Strae 2, Burweg, NI 21709, Germany"
53.6412,12.3711,77.44,8302,"E55, Dobbin-Linstow, MV 18292, Germany"
53.6086,19.8794,175,5660,"15, Ostrda (Gmina), WM 14-100, Poland"
53.6015,22.3607,183.22,3851,"61, Grajewo (Gmina), PD 19-230, Poland"
53.6447,78.7193,128.02,906,"Krasnozyorskiy rayon, Siberian Federal District, Russia"
53.6758,91.7372,267,510,"Enisey, Minusinskiy rayon, Siberian Federal District, Russia"
53.6825,119.922,616,251,"Amur, Mogochinskiy rayon, Siberian Federal District 673732, Russia"
53.7641,18.635,118.47,2694,"A1, Smtowo Graniczne, PM 83-230, Poland"
53.7021,41.6935,157.1,739,"A143, Morshanskiy rayon, Central Federal District, Russia"
53.8342,-83.5735,-9999,9,"Kenora District, ON, Canada"
53.8728,27.9576,207.47,6886,"Smalyavitski rayon, Minsk, Belarus"
53.8601,29.1581,181,1615,"M4, Byarezinski rayon, Minsk, Belarus"
53.9304,38.5338,160.68,2923,"R145, Kimovskiy rayon, Central Federal District, Russia"
54.0407,-105.061,606.73,0,"HWY-913, Saskatchewan, SK S0J, Canada"
54.0515,26.7776,265.15,4154,"M6, Valozhynski rayon, Minsk, Belarus"
54.0614,121.781,607.68,417,"Amur, Skovorodinskiy rayon, Far Eastern Federal District, Russia"
54.1127,-112.179,-625,1465,"HWY-28, Smoky Lake County, AB T0A, Canada"
54.1663,74.6809,91.94,894,"Novovarshavskiy rayon, Novovarshavskiy rayon, Siberian Federal District 646830, Russia"
54.2903,-116.2,896.66,754,"12184 HWY-43, Woodlands County, AB T0E, Canada"
54.2645,49.1846,138,4978,"Ul'yanovsk-Dimitrovgrad-Samara, Melekesskiy rayon, Volga Federal District, Russia"
54.3603,-129.167,23.66,530,"Trans Canada Hwy, Kitimat-Stikine, BC V0V, Canada"
54.3569,90.9846,285,415,"Bogradskiy rayon, Bogradskiy rayon, Siberian Federal District 655350, Russia"
54.4358,-12.2943,-53.4,1,"NA"
54.4973,-0.65718,24.7,6593,"Sandsend Road, Sandsend, England YO21 3, United Kingdom"
54.4789,13.4365,7.17,3441,"Ralswiek, MV, Germany"
54.4142,45.9998,197.7,874,"R178, Chamzinskiy rayon, Volga Federal District, Russia"
54.5631,32.2466,204.83,1574,"R120, Pochinkovskiy rayon, Central Federal District 216450, Russia"
54.7515,40.4334,103.48,4621,"Spasskiy rayon, Central Federal District 391050, Russia"
54.7688,55.9188,95.3,13095,"ulitsa Avtodoroga Ufa-Zaton, Ufa, Volga Federal District 450017, Russia"
54.7354,99.5966,530.05,547,"Sibir', Nizhneudinskiy rayon, Siberian Federal District 665135, Russia"
54.883,6.73253,21.77,1089,"NA"
54.8415,43.8638,158.8,1302,"Pervomaysk, Volga Federal District, Russia"
54.9967,36.358,164.1,2441,"A130, Maloyaroslavetskiy rayon, Central Federal District, Russia"
54.9141,85.7017,180.8,6138,"32K-98, Promyshlennovskiy rayon, Siberian Federal District 652380, Russia"
55.2234,45.8931,190.9,2234,"Sovetskaya ulitsa 7A, Sechenovskiy rayon, Volga Federal District 607580, Russia"
55.2682,89.8087,422.09,1005,"Uzhurskiy rayon, Siberian Federal District, Russia"
55.3678,37.6028,171.7,51850,"Krym, Podol'sk, Central Federal District 142184, Russia"
55.5166,61.3261,224.61,6924,"Ural, Sosnovskiy rayon, Ural Federal District 456510, Russia"
55.6798,-1.90586,60,4371,"Street, Berwick-upon-Tweed, England TD15 2, United Kingdom"
55.6936,49.2352,95,17141,"Orenburgskiy trakt, Laishevskiy rayon, Volga Federal District 422610, Russia"
55.7825,109.566,490.79,208,"Severo-Baykal'skiy rayon, Severo-Baykal'skiy rayon, Siberian Federal District 671710, Russia"
55.8491,84.7093,145.39,7222,"Sibir', Yurginskiy rayon, Siberian Federal District 652092, Russia"
55.8805,89.8569,269.7,946,"Nazarovskiy rayon, Nazarovskiy rayon, Siberian Federal District 662213, Russia"
55.8055,91.8512,688,332,"Enisey, Emel'yanovskiy rayon, Siberian Federal District 663020, Russia"
55.9781,-4.06352,60.19,12044,"18 Glasgow Road, Kilsyth, Scotland G65 9, United Kingdom"
55.9005,72.1423,125.27,1526,"E30, Tyukalinskiy rayon, Siberian Federal District, Russia"
56.0099,36.0198,245.9,2705,"Novorizhskoe shosse, Volokolamskiy rayon, Central Federal District 143628, Russia"
56.0484,38.5211,159.7,7325,"Noginsk-Borovkovo-Stromyn'-Krest, Noginskiy rayon, Central Federal District 142470, Russia"
56.1846,12.851,25.2,14762,"E20, ngelholm, Skane County 262 96, Sweden"
56.1241,27.395,184,1248,"P60, Andrupene, Dagdas novads 5687, Latvia"
56.288,43.2304,90.53,5343,"M7, Volodarskiy rayon, Volga Federal District, Russia"
56.2851,50.1168,184.4,3478,"16K-0396, Baltasinskiy rayon, Volga Federal District 422250, Russia"
56.2237,54.8411,115.96,4112,"Yanaul'skiy rayon, Yanaul'skiy rayon, Volga Federal District 452808, Russia"
56.2967,62.3948,106.38,1696,"R354, Katayskiy rayon, Ural Federal District, Russia"
56.2758,90.924,237.1,407,"Sibir', Achinskiy rayon, Siberian Federal District 662150, Russia"
56.2029,92.3171,268.34,3487,"Sibir', Emel'yanovskiy rayon, Siberian Federal District 663013, Russia"
56.219,96.2841,318.2,947,"Sibir', Ilanskiy rayon, Siberian Federal District, Russia"
56.2978,113.307,803.11,413,"Severo-Baykal'skiy rayon, Severo-Baykal'skiy rayon, Siberian Federal District 671710, Russia"
56.444,-5.31413,45.88,5106,"A85, Airds Bay, Scotland PA35 1, United Kingdom"
56.7871,16.0974,65,2090,"Skrivaregrde 206, Nybro, Kalmar County 382 91, Sweden"
56.7906,35.9028,145.5,2387,"Okruzhnaya doroga, Kalininskiy rayon, Central Federal District, Russia"
56.7969,40.545,113.9,5061,"Teykovskiy rayon, Central Federal District, Russia"
56.7837,61.6504,158.3,4233,"R351, Bogdanovichskiy rayon, Ural Federal District, Russia"
56.8645,37.5464,125.27,3147,"Taldomskiy rayon, Taldomskiy rayon, Central Federal District 141916, Russia"
56.8566,59.7659,434.04,7882,"E22, Pervoural'sk, Ural Federal District 623143, Russia"
56.9735,28.6294,109.04,995,"E95, Pushkinogorskiy rayon, Northwestern Federal District, Russia"
57.0989,10.0259,4.46,11693,"Frederikshavnmotorvejen, Aalborg, North Jutland 9310, Denmark"
57.1609,65.8002,63.19,3552,"Tobol'skiy trakt, Tyumenskiy rayon, Ural Federal District 625007, Russia"
57.2908,13.5159,167.2,3052,"Gislaved, Jonkoping County 332 33, Sweden"
57.2861,30.8901,88.7,804,"Kholmskiy rayon, Northwestern Federal District, Russia"
57.3315,54.4014,138.07,5341,"57K-0029, Bol'shesosnovskiy rayon, Volga Federal District, Russia"
57.5376,53.1022,211.15,4605,"Volga, Igrinskiy rayon, Volga Federal District, Russia"
57.8625,39.5176,138.17,3688,"prospekt 50-letiya Pobedy 13, Tutaev, Central Federal District, Russia"
57.965,28.7411,85.3,1668,"E95, Strugokrasnenskiy rayon, Northwestern Federal District 181110, Russia"
57.9304,33.5389,206.8,4876,"Rossiya, Valdayskiy rayon, Northwestern Federal District, Russia"
58.3752,13.4195,113,4584,"E20, Skara, Vastra Gotaland County 532 35, Sweden"
58.3755,45.59,149.35,1076,"Shar'ya-Ponazyrevo, Shar'inskiy rayon, Central Federal District 157512, Russia"
58.4838,35.1631,189.89,1357,"R8, Moshenskoy rayon, Northwestern Federal District 174450, Russia"
58.5686,39.2531,119.31,7236,"Poshekhonskiy rayon, Poshekhonskiy rayon, Central Federal District 152850, Russia"
58.6215,31.3248,34.75,7095,"Sankt-Peterburgskoe shosse 213, Novgorodskiy rayon, Northwestern Federal District, Russia"
58.8951,0.01643,31.2,84,"NA"
58.9062,51.2616,168.6,2624,"Belokholunitskiy rayon, Belokholunitskiy rayon, Volga Federal District 613200, Russia"
59.0918,16.9175,57.9,3486,"spetorp Snllsborg 1, Stjrnhov, Sodermanland County 646 96, Sweden"
59.1277,58.0799,347.17,2864,"Aleksandrovsk, Volga Federal District, Russia"
59.2582,25.0063,60.28,5496,"2, Rae, Harjumaa 75320, Estonia"
59.3956,34.7419,179,1032,"A114, Boksitogorskiy rayon, Northwestern Federal District 187643, Russia"
59.4115,29.0519,118.38,8213,"41K-187, Volosovskiy rayon, Northwestern Federal District 188440, Russia"
59.5051,5.59001,23.1,3620,"E134 & Hjartakervegen, Skjold, Rogaland 5574, Norway"
59.5603,25.8419,19.36,1144,"210, Vihula, Lne-Virumaa 45412, Estonia"
59.6764,8.17499,778,2362,"yfjellvegen, Vinje, Telemark 3864, Norway"
59.6686,18.3891,61.21,8228,"E18, Rimbo, Stockholm County 762 93, Sweden"
59.9209,14.9475,158.75,5168,"Stlldalen, Orebro County 714 72, Sweden"
60.0827,11.1494,223.9,15482,"E6, Klfta, Akershus 2040, Norway"
60.0472,64.1918,9420,930,"Kondinskiy rayon, Ural Federal District 628200, Russia"
60.3746,25.5756,7.5,10901,"Riksvgen 7 & 59, Porvoo, Southern Finland 06500, Finland"
60.3939,57.5234,280.42,545,"Krasnovisherskiy rayon, Volga Federal District, Russia"
60.5398,46.203,99.6,639,"R157, Velikoustyugskiy rayon, Northwestern Federal District, Russia"
60.6592,28.9535,50.2,3670,"Skandinaviya, Vyborgskiy rayon, Northwestern Federal District 188836, Russia"
60.9257,14.472,199.9,2383,"26, Mora, Dalarna County 792 92, Sweden"
60.9664,71.9935,37.6,2877,"R404, Nefteyuganskiy rayon, Ural Federal District 628331, Russia"
61.0635,61.9903,121.62,793,"65K-4310000, Ivdel', Ural Federal District, Russia"
61.0033,97.3405,9411.2,41,"Evenkiyskiy rayon, Siberian Federal District 648000, Russia"
61.1415,24.052,92,3635,"3, Valkeakoski, West and Inner Finland 37770, Finland"
61.1983,46.5181,68.37,883,"Kotlasskiy rayon, Northwestern Federal District, Russia"
61.3082,-0.846497,10192.4,761,"NA"
61.4952,6.11429,210.8,1338,"5 & 451, Vassenden, Sogn og Fjordane 6847, Norway"
61.469,8.42646,1184.67,1586,"Oppland 2686, Norway"
61.4872,34.8347,71.63,736,"R19, Prionezhskiy rayon, Northwestern Federal District, Russia"
61.4738,39.5295,123.44,347,"R2, Kargopol'skiy rayon, Northwestern Federal District, Russia"
61.5953,32.7033,104.55,877,"Sortavala, Pryazhinskiy rayon, Northwestern Federal District, Russia"
61.6589,77.2424,10143.1,1184,"Nizhnevartovskiy rayon, Ural Federal District, Russia"
61.7763,33.7896,110,666,"Pryazhinskoe shosse, Pryazhinskiy rayon, Northwestern Federal District 186131, Russia"
61.8786,28.8378,94.57,348,"Rantasalmentie 294, Savonlinna, Eastern Finland 57510, Finland"
61.9153,22.9758,149,1799,"Tampereentie & Kortesluomantie / Raittilantie, Parkano, West and Inner Finland 39780, Finland"
61.9948,27.8025,142.65,780,"Mikkelintie 2057, Joroinen, Eastern Finland 51900, Finland"
61.908,73.7597,71.02,2038,"Surgutskiy rayon, Ural Federal District, Russia"
62.1058,42.8001,67.6,982,"Kholmogory, Shenkurskiy rayon, Northwestern Federal District 165195, Russia"
62.3833,16.7968,130,1841,"E14, Stde, Vsternorrland 860 13, Sweden"
62.3476,30.3469,144.91,736,"Petikntie 20, Tohmajrvi, Eastern Finland 82600, Finland"
62.5888,23.4298,116.6,319,"Niinimaantie 2, Alavus, West and Inner Finland 63360, Finland"
62.7004,40.2364,139.22,1094,"R1, Plesetskiy rayon, Northwestern Federal District, Russia"
62.8633,27.0649,127.69,1528,"Ruokoniementie, Kuopio, Eastern Finland 72100, Finland"
63.0038,22.2503,39.5,1216,"Tervajoentie 553, Isokyr, West and Inner Finland 66440, Finland"
63.175,74.6004,115.52,843,"Purovskiy rayon, Purovskiy rayon, Ural Federal District 629850, Russia"
63.322,10.0662,13.39,2627,"E39, Buvika, Sr-Trndelag 7353, Norway"
63.45,8.58543,16.6,431,"713, Sandstad, Sr-Trndelag 7246, Norway"
63.4953,34.3529,110.03,1135,"Kola, Segezhskiy rayon, Northwestern Federal District, Russia"
63.5061,140.705,1036.92,350,"Kolyma, Oymyakonskiy Ulus, Far Eastern Federal District, Russia"
63.8834,23.7747,41.03,826,"Kajanavgen, Kokkola, West and Inner Finland 69100, Finland"
63.8497,38.4686,28.04,355,"Onezhskiy rayon, Northwestern Federal District, Russia"
63.8434,61.4083,13.41,1195,"Beryozovskiy rayon, Ural Federal District 628140, Russia"
64.0215,-21.2957,345.94,2595,"Hringvegur, Sveitarflagi lfus, Sudhurland 816, Iceland"
64.0372,69.5226,99.36,584,"Beloyarskiy rayon, Ural Federal District, Russia"
64.1206,-19.7656,276.6,2337,"jrsrdalsvegur, Skeia- og Gnpverjahreppur, Sudhurland 801, Iceland"
64.1499,28.391,158.5,590,"Jataniementie 16a, Sotkamo, Northern Finland 88600, Finland"
64.484,12.3294,27.1,728,"E6, Grong, Nord-Trndelag 7870, Norway"
65.3318,56.9903,3.35,618,"Pechora, Northwestern Federal District, Russia"
65.5332,25.2512,15.7,1410,"Kemintie 2595, Ii, Northern Finland 95110, Finland"
65.6301,-20.2964,46.76,790,"Hringvegur, Hnavatnshreppur, Nordhurland Vestra 541, Iceland"
65.8418,22.2606,60,2383,"Trafikplats Rne sdra, Rne, Norrbotten 955 91, Sweden"
66.1641,25.1418,54,383,"Tervola, Lappi 95300, Finland"
66.7222,56.748,142.2,225,"Usinsk, Northwestern Federal District, Russia"
66.8709,13.7073,40.99,2800,"Gammelveien 1, rnes, Nordland 8150, Norway"
66.9773,-150.334,404.49,816,"Dalton Hwy, Allakaket, AK 99720, United States"
67.0729,25.0781,142.31,1107,"Kittilntie 7990, Rovaniemi, Lappi 97340, Finland"
67.2636,27.2648,197,782,"Sodankylntie 2196, Pelkosenniemi, Lappi 98570, Finland"
67.6847,32.8217,164.1,1969,"Kola, Monchegorsk, Northwestern Federal District, Russia"
67.6164,33.6776,351.2,1442,"ulitsa Kondrikova 4, Kirovsk, Northwestern Federal District, Russia"
67.6228,85.0164,9858.94,14,"Taymyrskiy Dolgano-Nenetskiy rayon, Siberian Federal District 663335, Russia"
68.6263,159.943,-5.63,30,"Nizhnekolymskiy Ulus, Far Eastern Federal District 678830, Russia"
68.6599,160.577,-5.85,63,"Nizhnekolymskiy Ulus, Far Eastern Federal District 678830, Russia"
68.7834,32.454,44.9,1613,"R11, Kol'skiy rayon, Northwestern Federal District, Russia"
69.3936,86.2174,41.58,145,"ulitsa Morozova, Taymyrskiy Dolgano-Nenetskiy rayon, Siberian Federal District, Russia"
70.3132,-165.07,3.05,76,"NA"
71.7189,0.000352,3.05,2,"NA"
78.2515,17.5569,57.9,29,"NA"
89.8501,37.1919,1.33589e+09,0,"NA"
