53.4509,51.587,55.88,1001,"R225, Kinel'-Cherkasskiy rayon, Volga Federal District, Russia"
55.7538,37.6228,1,1149,"ulitsa Il'inka 1, Moscow, Central Federal District 109012, Russia"
44.3237,-65.226,122.58,687,"Queens, NS B0T, Canada"
51.1209,8.36998,627.71,746,"Street, Schmallenberg, NW 57392, Germany"
59.909,10.745,22,1674,"Rdhusgata 7, Oslo, Oslo 0151, Norway"
51.4664,5.31437,18.4,4606,"North Brabant 5688, Netherlands"
42.3363,-1.80263,322.06,3223,"Calle Valle de Roncal 41, Peralta, Chartered Community of Navarre 31350, Spain"
49.2494,16.6099,374.08,1943,"Brno, South Moravia 644 00, Czech Republic"
54.5789,55.9137,119.1,706,"R240, Ufimskiy rayon, Volga Federal District 450056, Russia"
58.4186,34.9414,179.48,2164,"R8, Moshenskoy rayon, Northwestern Federal District 174450, Russia"
36.8447,14.7911,443.79,994,"Contrada Treccasucce 24, Modica, Sic. 97015, Italy"
35.2252,139.885,57,540,"Chiba, Japan"
48.6414,-0.510644,285.65,2505,"Street, La Ferrire-aux-tangs, Lower Normandy 61450, France"
46.5751,19.8723,87.3,3964,"M5, Petfiszlls, Bcs-Kiskun 6113, Hungary"
44.4334,15.1988,57.2,2725,"Lukovo ugarje 90, Karlobag, Lika-Senj 53288, Croatia"
53.872,59.2727,532.69,1092,"Verkhneural'skiy rayon, Ural Federal District 457670, Russia"
53.3262,83.8006,-9999,2158,"Barnaul, Barnaul, Siberian Federal District 656049, Russia"
33.7291,134.531,21.8,242,"Tokushima, Japan"
43.3986,40.0037,41,793,"Urozhaynaya ulitsa 79A, Sochi, Southern Federal District 354376, Russia"
51.1405,13.8602,214.5,1270,"Roter Grabenweg, Dresden, SN 01465, Germany"
59.9027,29.6362,47,2596,"Lugovaya ulitsa, Lomonosovskiy rayon, Northwestern Federal District 188530, Russia"
59.8424,30.5286,15.85,7070,"41K-078, Vsevolozhskiy rayon, Northwestern Federal District 188681, Russia"
49.6173,8.9935,249.45,1457,"Sgewerk 1, Ebersberg, HE 64711, Germany"
32.7162,-83.7096,116.94,2228,"7118 Goodall Mill Rd, Macon, GA 31216, United States"
52.2347,-1.69191,74.03,1609,"The Green, Snitterfield, England CV37 0, United Kingdom"
52.4619,-2.62199,281.82,1756,"Street, Craven Arms, England SY7 9, United Kingdom"
53.5999,51.8989,93.6,684,"R225, Pokhvistnevskiy rayon, Volga Federal District 446472, Russia"
51.0497,3.37075,16,2863,"Groene-Sprietstraat & Vlaagtweg, Ruiselede, Flemish Region 8755, Belgium"
49.4695,7.43827,293.5,643,"Street, Glan-Mnchweiler, RP 66907, Germany"
51.0104,7.10666,124.63,3019,"Street, Odenthal, NW 51519, Germany"
58.0859,55.8746,110.86,1756,"Krasnokamskiy rayon, Volga Federal District, Russia"
51.0123,7.36014,203.39,255,"Heiligenhoven, Lindlar, NW 51789, Germany"
53.0551,8.89483,13.12,3115,"Brggeweg 54, Bremen, HB 28309, Germany"
44.4359,39.7775,212.75,890,"03K-076 & 03K-003, Apsheronskiy rayon, Southern Federal District, Russia"
44.2038,3.31372,568.4,905,"D996, Hures-la-Parade, Languedoc-Roussillon 48150, France"
51.2985,-116.928,910.2,4051,"Trans Canada Hwy, Columbia-Shuswap, BC V0A, Canada"
53.3502,-2.88839,33.8,4828,"Match Factory Industrial Park, Garston, England L19 2, United Kingdom"
56.4814,13.0415,59.6,1168,"Kvlinge & Hovsvgen, Laholm, Halland County 312 94, Sweden"
49.5342,8.68721,237.5,2573,"Waldlehrpfad, Weinheim, BW 69469, Germany"
56.8834,60.7042,279.41,1553,"Proezzhaya ulitsa 215, Yekaterinburg, Ural Federal District 620033, Russia"
47.2847,24.4249,335.8,2725,"Strada Nacu Vasile, Nasaud, Bistria-Nsud 425200, Romania"
47.608,12.2636,1803.97,3682,"Ebbs, Tyrol 6341, Austria"
43.6375,10.9374,109.73,493,"Via Eugenio Curiel 4, Castelfiorentino, Tosc. 50051, Italy"
47.6905,10.3266,744.14,584,"Illerstrae, Sulzberg, BY 87477, Germany"
52.1043,-1.04844,131.21,1479,"South Northamptonshire, England, United Kingdom"
18.5322,-72.3041,147.37,4288,"MajorRoad, Haiti"
51.3405,9.86343,130.4,2563,"Am Eschenbornrasen 1, Witzenhausen, HE 37213, Germany"
64.1756,-51.6449,188.54,65,"Greenland"
55.8126,49.2003,98.22,2423,"Kazan, Kazan, Volga Federal District 420088, Russia"
50.2702,40.2971,177.21,1241,"Don, Verkhnemamonskiy rayon, Central Federal District, Russia"
55.7832,49.2375,98.41,2983,"Kazan, Kazan, Volga Federal District 420100, Russia"
55.7468,37.6782,147.8,2189,"Moscow, Moscow, Central Federal District 105120, Russia"
54.7363,20.5242,23.6,2081,"ulitsa Tel'mana 48, Kaliningrad, Northwestern Federal District 236008, Russia"
39.2754,141.881,15.01,2062,"Iwate, Japan"
57.5956,34.5262,158.8,2398,"Yamskaya ulitsa 48, Vyshniy Volochyok, Central Federal District, Russia"
-27.5781,151.987,742.8,3221,"Tourist Rd, Rangeville, QLD 4350, Australia"
51.273,-2.12685,77.52,2772,"53 Lower Road, Bratton, England BA13 4, United Kingdom"
48.3302,17.0482,198.21,4748,"Zvonnska 247/53, Lozorno, Bratislava 900 55, Slovakia"
6.5541,-0.760496,269.4,962,"Agogo-Nkawkaw Road, Nkawkaw, Eastern, Ghana"
58.0318,38.9461,120.03,7072,"Rybinsk, Rybinsk, Central Federal District 152908, Russia"
55.7665,37.4132,1,2628,"Moscow, Moscow, Central Federal District 121614, Russia"
64.1695,35.3282,45.47,1067,"Belomorskiy rayon, Northwestern Federal District, Russia"
46.1716,14.7023,385.3,4627,"A1, Lukovica, Domale 1225, Slovenia"
35.6524,139.737,19.21,1237,"Tokyo, Tokyo, Japan"
39.8172,44.9854,1814,1699,"Armenia, Armenia"
50.7675,10.3212,287.87,2051,"Eisenacher Strae, Breitungen/Werra, TH 98597, Germany"
68.4368,17.4332,112,375,"Selsbanes gate 30, Narvik, Nordland 8514, Norway"
48.1957,15.6079,285.53,1401,"St Polten, Lower Austria 3100, Austria"
52.4757,0.053716,57.9,373,"Isle of Ely Way, Chatteris, England PE16 6, United Kingdom"
43.765,11.2377,85,934,"Piazza di San Francesco di Paola, Florence, Tosc. 50124, Italy"
53.7591,-0.349207,45,2648,"259 Beverley Road, Hull, England HU5 1, United Kingdom"
42.3555,-1.78903,365.67,2452,"Peralta, Chartered Community of Navarre, Spain"
53.7804,87.1323,-236.83,2793,"prospekt Stroiteley 98Zh, Novokuznetsk, Siberian Federal District 654005, Russia"
-27.9739,27.0252,1385.73,1813,"Hennenman, Hennenman, Free State 9445, South Africa"
52.7208,-1.76719,64.55,1138,"Shaw Close, Fradley, England WS13 8, United Kingdom"
-34.8211,138.715,183,1229,"1251 North East Rd, Ridgehaven, SA 5097, Australia"
44.6793,34.3999,42,5205,"Partyzanska vulytsia & Simferopolska vulytsia, Alushta, Crimea, Ukraine"
-31.3946,-64.2017,407.24,6057,"Jos Mara Galn 12, Cordoba, Cordoba 5000, Argentina"
43.3337,-4.03124,180,1536,"Barrio La Cotera 775, Torrelavega, Cantabria 39300, Spain"
51.142,14.1772,301.3,1007,"Geimannsdorfer Strae 65, Geissmannsdorf, SN 01877, Germany"
40.7087,0.580704,81.9,361,"Carrer Barcelona 8, Amposta, Catalonia 43870, Spain"
55.7113,37.6371,161.6,1434,"Moscow, Moscow, Central Federal District 115114, Russia"
50.0477,9.29351,307.88,6265,"Aschaffenburg (Gemfr. Gebiet), BY, Germany"
46.8019,12.7471,707.5,2469,"Leisach, Tyrol 9909, Austria"
45.9183,15.1614,455.75,604,"Dreji Vrh, Mokronog-Trebelno, Trebnje 8231, Slovenia"
47.6344,-2.77831,12.15,981,"8 Impasse du Petit Conleau, Vannes, Brittany 56000, France"
52.4008,10.8321,90.07,3169,"Hehlinger Strae 14, Wolfsburg, NI 38446, Germany"
55.6082,12.3822,-6.3,4077,"Rejen, Ishj, Capital Region 2635, Denmark"
53.524,49.3959,85,505,"Lesnaya ulitsa, Togliatti, Volga Federal District 445000, Russia"
35.0773,139.967,96.44,233,"Chiba, Japan"
35.0896,24.7415,5,868,"Faistou-Agias Galinis, Tympakio, Crete 702 00, Greece"
52.4798,15.8495,78.31,1924,"Pszczew, LB 66-330, Poland"
47.1178,15.3264,433.87,2147,"Gratwein-Straengel, Styria 8111, Austria"
50.6185,30.8641,125.8,3550,"M01, Brovarskyi raion, Kiev, Ukraine"
52.6053,41.5167,154.84,460,"Kotovsk, Kotovsk, Central Federal District 393194, Russia"
10.1646,-68.2978,632.76,3340,"Tocuyito-Miranda, Montalbn, Carabobo, Venezuela"
56.1693,96.7717,284.07,677,"Sibir', Nizhneingashskiy rayon, Siberian Federal District, Russia"
49.9131,10.7518,279.04,3302,"Weiher 13, Viereth-Trunstadt, BY 96191, Germany"
46.6174,6.6,-48.24,3028,"Bioley-Orjulaz, VD 1042, Switzerland"
48.7304,21.1048,526.66,875,"Hov 177, Hov, Kosice 044 12, Slovakia"
47.1261,7.13904,1065.63,3585,"Plateau de Diesse, BE 2516, Switzerland"
50.9572,7.31363,98.61,434,"Klner Strae, Vilkerath, NW 51491, Germany"
55.7375,37.2336,1,1094,"Il'inskiy pod'ezd, Odintsovskiy rayon, Central Federal District 143082, Russia"
61.6109,73.1227,81.9,2464,"Surgutskiy rayon, Ural Federal District, Russia"
35.1629,138.684,53,1044,"139, Japan"
52.5224,-3.14711,160.4,1056,"A489, Newtown, Wales SY16 4, United Kingdom"
53.9281,27.6056,218.6,1274,"Minsk, Minsk, Belarus"
-18.2181,-43.5913,1404.62,2888,"BR-367, Diamantina, MG 39100-000, Brazil"
-29.647,-51.1221,147.22,1392,"Rua Germano Friedrich, 2455, Novo Hamburgo, RS 93352-010, Brazil"
31.9568,130.867,1039.8,2920,"Miyazaki, Japan"
48.8185,-3.43349,20,1716,"Boulevard de Trestrignel, Perros-Guirec, Brittany 22700, France"
50.932,13.2134,344.29,790,"Niedere Reihe 23, Oberschna, SN 09600, Germany"
53.6487,14.0407,10.23,469,"L32, Torgelow, MV 17358, Germany"
48.0519,10.6271,604,2838,"MajorRoad, Trkheim, BY 86842, Germany"
61.5195,10.4999,1009.8,1171,"Saubuvegen 1053, Fvang, Oppland 2634, Norway"
56.8258,59.9797,318.82,1441,"E22 & 65K-5808000, Pervoural'sk, Ural Federal District 623100, Russia"
47.6135,39.9943,133.2,1309,"Don, Oktyabr'skiy rayon, Southern Federal District 346487, Russia"
-26.4351,27.111,1448,595,"Ventersdorp, Ventersdorp, North West 2710, South Africa"
60.2374,24.9845,48.6,3020,"Helsinki, Southern Finland 00650, Finland"
49.1028,8.40937,107.32,2596,"Street, Linkenheim-Hochstetten, BW 76351, Germany"
45.3852,38.7591,4.88,1126,"03K-023, Kalininskiy rayon, Southern Federal District 353780, Russia"
16.4939,102.348,168,3559,"12, Nong Ruea, Khon Kaen 40210, Thailand"
56.3847,58.6478,391.97,25,"65K-1604000, Artinskiy rayon, Ural Federal District 623340, Russia"
56.0659,37.9026,203.61,551,"Yaroslavskoe shosse, Pushkinskiy rayon, Central Federal District 141231, Russia"
4.40793,-74.3924,1556.69,4253,"40, Silvania, Cundinamarca department 252247, Colombia"
-27.4724,17.8929,886.54,979,"C37, Keetmanshoop Rural, Karas, Namibia"
56.0327,35.8954,188.16,1374,"Novorizhskoe shosse, Volokolamskiy rayon, Central Federal District 143617, Russia"
55.9178,12.347,110.69,1906,"Kbenhavnsvej 61, Hillerod, Capital Region 3400, Denmark"
47.228,7.06719,1051.5,1543,"Chaux 15a, Tramelan, BE 2722, Switzerland"
37.7104,26.9269,132.28,1206,"Pythagoreio, Northern Aegean 831 03, Greece"
-27.2701,153.018,-13.8,4263,"Bruce Hwy, Griffin, QLD 4503, Australia"
46.4055,11.4385,1405.58,4174,"Daumstrae 15, Nova Ponente, Tr.A.A. 39050, Italy"
50.048,72.9492,164.29,2191,"6-shi shagin audani 53, Temyrtau, Qaraghandy, Kazakhstan"
52.0087,7.5781,60.8,2755,"E37, Mnster, NW 48161, Germany"
56.3945,41.0651,107.71,1241,"Kameshkovskiy rayon, Central Federal District, Russia"
50.5358,9.02941,250.41,425,"Laubacher Wald, Laubach, HE 35321, Germany"
42.4977,-83.4154,878.79,5358,"Arterial, Farmington, MI 48331, United States"
68.0838,33.1371,216.2,1349,"Kola, Monchegorsk, Northwestern Federal District, Russia"
36.5719,136.633,25.6,875,"MajorRoad, Japan"
67.9377,32.9382,160.13,1731,"prospekt Metallurgov 39A, Monchegorsk, Northwestern Federal District, Russia"
50.2029,5.5453,276.98,3200,"Rue Sainte-Bernadette 5, Rendeux, Walloon Region 6987, Belgium"
52.2751,7.78549,158.83,794,"Mettinger Strae 143, Ibbenbren, NW 49479, Germany"
44.8166,27.7637,17,977,"DJ212 & DC23 / DJ212, Bertestii de Jos, Brila 817010, Romania"
48.8596,2.91223,95.7,1133,"26 Avenue Charles de Gaulle, Crcy-en-Brie, IdF 77580, France"
-4.46983,15.2783,206.82,199,"Congo (DRC)"
47.1989,10.0761,1541,788,"Zug 25, Lech, Vorarlberg 6764, Austria"
54.6744,61.249,245.67,1043,"E123, Etkul'skiy rayon, Ural Federal District, Russia"
53.1367,44.2905,268.53,3156,"Tambov-Penza, Penzenskiy rayon, Volga Federal District 440512, Russia"
20.053,99.4049,421.44,1208,"1089, Mae Ai, Chiang Mai 50280, Thailand"
-33.5606,150.806,28.67,2999,"Street, Freemans Reach, NSW 2756, Australia"
53.495,49.29,95.3,1277,"Lesoparkovoe shosse, Togliatti, Volga Federal District 445003, Russia"
47.681,10.343,705.25,1211,"Sulzberg, BY, Germany"
54.6091,61.2596,242.29,269,"Emanzhelinskiy rayon, Emanzhelinskiy rayon, Ural Federal District 456592, Russia"
54.6818,18.7107,1,1989,"ulica Midzymorze 15, Jastarnia, PM 84-141, Poland"
51.833,11.1142,136.64,2095,"B79, Quedlinburg, ST 06484, Germany"
49.6378,11.1292,338.98,492,"Hauptstrae 55, Hetzles, BY 91077, Germany"
51.1928,6.86208,-7.11,9573,"Am Pflanzkamp 38, Dsseldorf, NW 40229, Germany"
47.4364,11.8721,542.24,1815,"Hagau 149, Kramsach, Tyrol 6233, Austria"
54.2748,48.2781,125.5,1407,"Ulyanovsk, Ulyanovsk, Volga Federal District 432054, Russia"
54.63,99.8509,562.05,462,"Sibir', Nizhneudinskiy rayon, Siberian Federal District 665135, Russia"
55.1069,23.7811,32,2525,"A1, Babtai, Kauno, Lithuania"
28.0537,-16.545,116.46,2913,"TF-64, Granadilla de Abona, Canary Islands 38610, Spain"
50.9404,6.44511,254.41,2522,"Jlich, NW, Germany"
49.3745,84.2745,241.1,1214,"R-25, Qatonqaragay audani, Shigis Qazaqstan oblisi 070900, Kazakhstan"
-33.962,18.4076,1069,2890,"Cape Town, Cape Town, Western Cape 8001, South Africa"
50.1964,39.5658,82.83,1444,"Rossoshanskiy rayon, Central Federal District, Russia"
52.088,1.1928,38.57,2349,"Tuddenham Road, Ipswich, England IP6 9, United Kingdom"
46.8191,9.82351,2133.86,2615,"Davos, GR 7270, Switzerland"
45.4969,11.1057,417.7,1323,"Via Postuman, Mezzane di Sotto, Ven. 37030, Italy"
55.7618,37.6052,1,1592,"Maliy Gnezdnikovskiy pereulok & Bol'shoy Gnezdnikovskiy pereulok, Moscow, Central Federal District 125009, Russia"
51.7027,11.2853,187,2069,"Allee, Falkenstein/Harz, ST 06463, Germany"
-12.9528,-38.3512,17.44,259,"Rua Caminho do Bom Dia, 323, Salvador, BA 41635-240, Brazil"
49.2628,16.5479,440.9,1871,"Jinaovice, South Moravia 664 34, Czech Republic"
64.1239,-21.8313,35.23,2280,"rtnsbrekka, Reykjavik, Capital Region 110, Iceland"
55.711,37.3874,1,1028,"MKAD, Moscow, Central Federal District 121353, Russia"
50.9613,39.8054,125.25,504,"Dukhovoe, Central Federal District 397922, Russia"
25.4409,-108.099,26,515,"Angostura, SIN 81600, Mexico"
57.295,15.0955,219.64,2531,"Lillhaga, Korsberga, Jonkoping County 570 10, Sweden"
52.334,0.014475,-2,1017,"Long Drove & Street, Over, England CB24 5, United Kingdom"
55.8272,49.1077,61.37,2324,"Kazan, Kazan, Volga Federal District 420124, Russia"
53.3259,-2.23121,72.63,2373,"Alderley Road, Wilmslow, England SK9 1, United Kingdom"
50.0909,8.28202,243.03,2778,"Leipziger Strae 35, Wiesbaden, HE 65191, Germany"
51.0346,6.2772,118.5,1458,"L117, Hckelhoven, NW 41836, Germany"
50.6809,12.017,362,1261,"Zeulenrodaer Strae 19, Triebes, TH 07950, Germany"
51.3501,39.1796,124.9,5098,"Kashirskiy rayon, Central Federal District, Russia"
60.4181,14.7782,281.8,894,"66, Bjrbo, Dalarna County 785 45, Sweden"
46.397,7.60225,2330,4446,"Leukerbad, VS 3954, Switzerland"
52.684,86.1665,-9999,2956,"Soltonskiy rayon, Soltonskiy rayon, Siberian Federal District 659520, Russia"
51.3145,14.6418,139.85,1598,"K8472, Mcka, SN 02906, Germany"
9.21297,6.84263,281.32,482,"Bida-Abuja Rd, Gawu, Federal Capital Territory, Nigeria"
45.0956,7.73937,272.5,3357,"Via Rubens Fattorelli, Turin, Piem. 10156, Italy"
51.1409,3.42227,21.77,1380,"Heilig Sakramentstraat & Maldegemseweg, Knesselare, Flemish Region 9910, Belgium"
55.5483,52.1247,170.32,847,"Naberezhnye Chelny-Zainsk-Al'met'evsk, Tukaevskiy rayon, Volga Federal District, Russia"
55.6295,54.9861,163.98,1978,"Dyurtyulinskiy rayon, Dyurtyulinskiy rayon, Volga Federal District 452308, Russia"
47.4756,13.1912,523.09,1462,"Trnkgasse 11, Werfen, Salzburg 5450, Austria"
48.9267,19.6234,1245.6,597,"Horn Lehota 785, Horn Lehota, Banska Bystrica 976 81, Slovakia"
56.5453,53.0044,95.4,491,"Sovetskaya ulitsa, Malopurginskiy rayon, Volga Federal District, Russia"
34.1628,132.195,10.29,2300,"Yamaguchi, Japan"
58.2448,57.2489,215.9,974,"57K-0011, Chusovoy, Volga Federal District, Russia"
55.8207,37.6477,1,3421,"Yaroslavskaya ulitsa, Moscow, Central Federal District 129366, Russia"
56.0609,97.6708,297.8,167,"Sibir', Tayshetskiy rayon, Siberian Federal District, Russia"
51.4813,-0.502423,19.6,4166,"M25, Slough, England SL3 0, United Kingdom"
49.6996,11.0643,270.75,1440,"Daimlerstrae 24, Forchheim, BY 91301, Germany"
38.6959,-9.23058,54,1444,"Avenida Doutor Alfredo Magalhes Ramalho, Oeiras, Lisbon 1495-165, Portugal"
35.2866,25.5382,156,600,"Ethniki Odos Irakleiou-Agiou Nikolaou, Neapoli, Crete 724 00, Greece"
60.9821,25.5839,177.5,1418,"Sippalankatu 12, Lahti, Southern Finland 15830, Finland"
52.3352,-1.83838,197.39,807,"Vicarage Hill, Tanworth in Arden, England B94 5, United Kingdom"
47.0073,11.5087,1354.1,2512,"Brennerpass, Gries am Brenner, Tyrol 6156, Austria"
48.2216,16.4187,158.75,2295,"Vienna, Vienna 1220, Austria"
29.6364,52.5268,1587.61,1076,"Iran"
51.3738,0.454418,53,5731,"57 Bush Road, Cuxton, England ME2 1, United Kingdom"
53.1209,-3.99686,465.47,2227,"Wales, United Kingdom"
54.7037,55.8225,100.6,2226,"Malaya Kol'tsevaya ulitsa 12A, Ufa, Volga Federal District 450095, Russia"
53.8384,87.1847,210.9,739,"ulitsa Klimasenko 5/5, Novokuznetsk, Siberian Federal District 654038, Russia"
50.0532,14.4171,194.8,3946,"Podolsk nbe, Prague, Prague 147 00, Czech Republic"
43.1971,-71.5306,73.03,3251,"S Main St, Concord, NH 03301, United States"
44.4276,39.7817,216.93,906,"03K-076, Apsheronskiy rayon, Southern Federal District, Russia"
48.4164,9.94335,600.96,1574,"Eselsberg, Ulm, BW 89081, Germany"
6.2923,81.2973,15.73,1197,"Debarawewa-Kataragama Road, Mahasenpura, Southern, Sri Lanka"
46.593,15.2613,428.88,6450,"Vuhred, Radlje ob Dravi, Radlje ob Dravi 2365, Slovenia"
-22.8235,118.786,689.74,698,"Street, Newman, WA 6753, Australia"
53.8223,87.1667,225.4,1064,"Novokuznetsk, Novokuznetsk, Siberian Federal District 654059, Russia"
45.6229,-122.672,-15.86,3950,"I-5 S, Vancouver, WA 98660, United States"
14.656,121.027,89.5,1258,"EDSA 995, Quezon City, National Capital Region, Philippines"
56.0348,92.8348,148.95,4709,"Bryanskaya ulitsa 210, Krasnojarsk, Siberian Federal District 660048, Russia"
54.3939,13.681,-36.6,2943,"Sellin, MV, Germany"
47.4364,11.872,517.85,2394,"Hagau 149, Kramsach, Tyrol 6233, Austria"
45.8071,3.66676,991.9,1165,"Street, Auvergne 63120, France"
48.0784,12.5991,508.13,3292,"Rupertiring 24, Feichten, BY 84550, Germany"
51.5631,-1.77786,146.61,1128,"34 Medgbury Road, Swindon, England SN1 2, United Kingdom"
-8.50808,115.259,215.95,2561,"Ubud, Bali, Indonesia"
50.8882,8.04465,365.92,2113,"Giersbergstrae, Siegen, NW 57074, Germany"
47.7866,11.2067,624.4,2677,"Street, Eberfing, BY 82390, Germany"
53.8589,10.6272,14.4,1159,"Herrenholz, Lbeck, SH 23556, Germany"
18.404,97.9417,349.1,1142,"108, Mae La Noi, Mae Hong Son 58120, Thailand"
49.1585,18.7201,387,2118,"Lietavsk Lka, Zilina 013 11, Slovakia"
58.4703,-3.29113,19.08,2513,"Street, Wick, Scotland KW1 5, United Kingdom"
51.5479,7.81172,93,2291,"Khlstrae, Hemmerde, NW 59427, Germany"
47.3322,9.70329,1264,1380,"Fraxern, Vorarlberg 6833, Austria"
40.4948,-3.33863,636.08,1059,"Camino Afligidos, Alcal de Henares, Community of Madrid 28805, Spain"
41.718,12.3061,1.42,335,"Piazzale dell'Aquilone 4, Lido di Ostia, Laz. 00122, Italy"
65.0536,56.8275,100.89,984,"Pechora, Northwestern Federal District, Russia"
56.2931,114.303,606.29,2334,"Severo-Baykal'skiy rayon, Severo-Baykal'skiy rayon, Siberian Federal District 671710, Russia"
39.7843,2.79367,748.52,2035,"Street, Escorca, Autonoma of Balearic Islands 07315, Spain"
48.8463,20.5322,1042.29,1382,"Hnilk, Kosice 053 32, Slovakia"
53.0835,-1.84966,171.73,681,"Street, Grindon, England ST13 7, United Kingdom"
-0.868821,36.5539,2692.31,475,"A104, Nyandarua, Central, Kenya"
52.4869,-0.300546,36,759,"Huntingdonshire, England, United Kingdom"
34.0479,134.431,45.71,1016,"MajorRoad, Japan"
55.3299,63.4275,161.52,5293,"Irtysh, Shumikhinskiy rayon, Ural Federal District, Russia"
9.16671,2.18464,353.36,517,"NA"
43.9359,3.6172,534.8,3577,"D239 B, Montdardier, Languedoc-Roussillon 30120, France"
50.9632,22.2975,256.92,523,"Wilkoaz, LU 23-212, Poland"
51.691,-0.0165256,63.11,924,"Street, Waltham Cross, England EN9 1, United Kingdom"
-7.63807,111.903,88.9,200,"Loceret, East Java 64416, Indonesia"
53.393,-1.27275,112.44,1447,"M18, Thurcroft, England S66 9, United Kingdom"
37.1888,-7.54924,79,731,"Via Infante de Sagres, Vila Real de Santo Antnio, Faro 8900, Portugal"
50.3606,7.55625,79,3108,"Raiffeisenstrae 99, Coblenz, RP 56072, Germany"
-26.4525,31.9463,654.9,2390,"Lugongolweni, Lugongolweni, Lubombo L300, Swaziland"
35.9439,140.17,17.4,2687,"Ibaraki, Japan"
49.1596,9.28802,178.8,2137,"Autobahnkreuz Weinsberg, Weinsberg, BW 74189, Germany"
53.2239,8.5993,24.68,3102,"Junkernkamp 11, Schwanewede, NI 28790, Germany"
69.6457,18.4749,144,2078,"Kattfjordeidet, Kvalysletta, Troms 9108, Norway"
48.2247,16.3572,170.1,4304,"Liechtensteinstrae & Boltzmanngasse, Vienna, Vienna 1090, Austria"
-31.9393,152.465,18,1135,"7097 Bucketts Way, Taree South, NSW 2430, Australia"
45.8509,-74.0871,283.3,2359,"658 Rue du Joli-Bois, Prvost, QC J0R 1T0, Canada"
47.3103,51.1173,-26.21,1556,"A-27, Isatay audani, Atyrau, Kazakhstan"
-26.3437,31.1565,1139.48,4296,"Corporation Rd, Mbabane, Hhohho H100, Swaziland"
52.8506,-2.0625,74.83,1119,"Street, Salt, England ST18 0, United Kingdom"
46.1741,12.3063,380.34,2925,"Strada provinciale della Val Cantuna, Ponte nelle Alpi, Ven. 32014, Italy"
37.0401,126.882,11.19,5933,"1391-1, Pyeongtaek-si, Gyeonggi, South Korea"
39.5364,-77.4674,-219.4,1056,"Gambrill Park Rd, Frederick, MD 21702, United States"
55.9652,36.9681,1,922,"MMK-Dukhanino-Andreevskoe-Istra, Istrinskiy rayon, Central Federal District 143512, Russia"
60.9577,76.5304,39.01,1490,"Industrial'naya ulitsa, Nizhnevartovsk, Ural Federal District 628600, Russia"
55.8153,85.4925,255.12,855,"32K-68, Yashkinskiy rayon, Siberian Federal District, Russia"
36.4682,136.517,56,437,"MajorRoad, Japan"
30.6958,34.9607,681.71,562,"Be'er Sheva, Darom, Israel"
50.1217,11.3252,302.9,1418,"Oberer Berg, Mainroth, BY 96224, Germany"
50.1077,17.1819,1152.5,2242,"Loun nad Desnou, Olomouc 788 11, Czech Republic"
47.182,10.6254,774.48,1352,"Zams, Tyrol 6511, Austria"
54.6039,61.275,247.65,440,"Emanzhelinskiy rayon, Ural Federal District 456592, Russia"
52.2197,11.0563,189.52,1091,"E30, Helmstedt, NI 38350, Germany"
52.6093,13.8971,171.52,1772,"Altlandsberg, BB, Germany"
53.6011,10.1234,-1.78,2723,"Weienhof 9, Hamburg, HH 22159, Germany"
60.8347,28.3908,62.14,2319,"Vyborgskiy rayon, Vyborgskiy rayon, Northwestern Federal District 188800, Russia"
48.1238,8.33533,839.4,3420,"Klosterbergstrae 11, Sankt Georgen im Schwarzwald, BW 78112, Germany"
43.976,12.1296,557,2753,"Via Ciola, Mercato Saraceno, Em.Rom. 47025, Italy"
54.212,57.6951,393,380,"Beloretskiy rayon, Beloretskiy rayon, Volga Federal District 453520, Russia"
55.5269,8.46563,26.2,3799,"Marken 42, Esbjerg N, South Denmark 6715, Denmark"
10.1016,123.266,69.5,1934,"Dumaguete North Rd, Guihulngan, Negros Island Region, Philippines"
55.9203,-3.2082,111,5312,"10 Hermitage Drive, EH10, Scotland EH10 6, United Kingdom"
60.2256,25.0938,19.02,1716,"Helsinki, Southern Finland 00950, Finland"
49.2629,44.8815,113.08,960,"R228, Dubovskiy rayon, Southern Federal District 404002, Russia"
36.928,-4.77169,602.17,1916,"Antequera, Andalusia, Spain"
61.453,8.49665,992.25,3658,"Oppland 2680, Norway"
53.3358,83.6702,-9999,2446,"Barnaul, Barnaul, Siberian Federal District 656058, Russia"
40.6366,0.1153,1050.4,495,"Puebla de Benifasar, Valencian Community, Spain"
43.6436,7.01332,212,1183,"449 Route de Nice, Valbonne, PACA 06560, France"
56.5986,36.4833,129.2,1487,"Rossiya, Konakovskiy rayon, Central Federal District, Russia"
26.5918,13.4873,461.1,113,"Libya"
59.3856,18.0613,41,3268,"Stockholmsvgen 53, Stocksund, Stockholm County 182 74, Sweden"
47.6016,10.1875,1040.66,890,"Knottenried 24, Knottenried, BY 87509, Germany"
51.918,41.2989,160.63,312,"Zherdevskiy rayon, Central Federal District, Russia"
51.4865,-0.0034332,9.27,1802,"Crowleys Wharf, SE10, England SE10 9, United Kingdom"
55.4213,-1.58087,0.42,1352,"Street, Boulmer, England NE66 3, United Kingdom"
60.2227,25.1697,29.5,855,"Provianttikatu, Helsinki, Southern Finland 00980, Finland"
-29.1965,-51.505,699.05,1124,"Rua Victor Reali, 6, Bento Gonalves, RS 95700-000, Brazil"
61.5639,74.2784,38.4,1215,"Surgutskiy rayon, Ural Federal District, Russia"
52.4109,17.0829,86.9,2704,"ulica Nowy wiat 29, Swarzdz, WP 62-020, Poland"
49.8922,7.42377,408,739,"L184, Rohrbach, RP 55490, Germany"
47.9703,-0.665198,83,718,"D233, Maisoncelles-du-Maine, Loire Region 53170, France"
41.9449,9.21939,1967.96,2448,"Street, Corsica 20148, France"
50.7483,9.26523,286.8,2825,"Zeller Weg 3, Alsfeld, HE 36304, Germany"
51.123,13.6009,159.3,2122,"Mittlere Bergstrae 52, Radebeul, SN 01445, Germany"
46.9393,11.4491,1186.04,818,"Brennerautobahn, Brennero, Tr.A.A. 39041, Italy"
18.867,-70.888,1300.4,976,"Street, Las Lagunas, Azua, Dominican Republic"
50.1963,39.5665,1,1968,"Proletarskaya ulitsa 88, Rossoshanskiy rayon, Central Federal District, Russia"
54.8442,57.0786,188.2,1232,"Ural, Iglinskiy rayon, Volga Federal District 452411, Russia"
48.732,9.41503,474,1345,"L1201, Plochingen, BW 73207, Germany"
52.9112,36.8618,231.6,548,"Oryol-Efremov, Zalegoshchenskiy rayon, Central Federal District 303561, Russia"
49.7512,11.2323,334.68,504,"Urspring, Urspring, BY 91362, Germany"
52.3411,13.4682,45.72,2303,"Street, Schnefeld, BB 12529, Germany"
-29.5304,31.2065,124.96,394,"Ballito Dr, Ballito, Kwazulu Natal 4420, South Africa"
44.1418,5.0934,376,619,"Route de la Roque-Alric, Le Barroux, PACA 84330, France"
58.7143,8.30086,160.2,3236,"Bs, mli, Aust-Agder 4869, Norway"
46.9493,10.9891,2173.94,1074,"Slden, Tyrol 6450, Austria"
60.5361,9.0252,760,510,"Trondrudvegen, Nesbyen, Buskerud 3540, Norway"
-12.9487,-38.3537,26.1,570,"Salvador - BA, Salvador, BA 41630-415, Brazil"
47.9029,7.68343,232.37,1262,"B3, Bad Krozingen, BW 79189, Germany"
46.6417,15.1096,891.13,986,"Pernice 17, Muta, Radlje ob Dravi 2366, Slovenia"
51.952,-1.20433,103.96,1159,"A43, Baynard's Green, England OX27 7, United Kingdom"
60.8007,10.7453,29.01,3721,"Mengsholvegen 600, Stavsj, Hedmark 2353, Norway"
53.794,81.3491,129.84,2368,"Pervomayskaya ulitsa 15, Kamen'-na-Obi, Siberian Federal District, Russia"
-35.2971,149.13,571.5,3838,"Street, Parkes, ACT 2600, Australia"
46.5534,5.33423,202.01,2850,"Autoroute Verte, Le Miroir, Burgundy 71480, France"
60.2359,20.1821,10.93,1213,"Sund, Aland 22530, Finland"
35.1186,138.593,42.5,2660,"Shizuoka, Japan"
57.0586,-2.418,49.65,696,"A93, Crathes, Scotland AB31 5, United Kingdom"
52.1005,49.0425,38.7,632,"R226, Pugachyovskiy rayon, Volga Federal District 413708, Russia"
57.7455,13.4076,166.9,1253,"Marbck, Vastra Gotaland County 523 93, Sweden"
49.0345,73.5373,-34.75,584,"M-36, Shet audani, Qaraghandy, Kazakhstan"
51.9867,29.228,157.3,1834,"Mazyrski rayon, Homel, Belarus"
-27.6373,153.283,43.4,1400,"Days Rd, Redland Bay, QLD 4165, Australia"
53.7937,-1.55196,47.5,2933,"16 Canal Wharf, Leeds, England LS1 4, United Kingdom"
55.7757,37.5865,1,2155,"1-ya Tverskaya-Yamskaya ulitsa 34, Moscow, Central Federal District 125047, Russia"
59.9355,31.8154,30.18,861,"Kola, Kirovskiy rayon, Northwestern Federal District 187354, Russia"
43.7982,39.4582,23.16,387,"Tsentral'naya ulitsa 115, Sochi, Southern Federal District 354202, Russia"
59.4007,18.0235,32.4,5299,"Setons vg 4, Danderyd, Stockholm County 182 33, Sweden"
43.6842,40.2811,552.41,2301,"Sochi, Sochi, Southern Federal District 354000, Russia"
44.2836,6.41173,1295.03,1974,"Lieu-dit Les Rouitons, Le Vernet, PACA 04140, France"
53.6618,-1.48861,46,1503,"46 Manygates Lane, Wakefield, England WF2 7, United Kingdom"
45.9836,11.0753,705.26,2393,"Strada provinciale di Garniga, Cimone, Tr.A.A. 38060, Italy"
58.6857,25.9133,58,1866,"2, Pltsamaa vald, Jgevamaa 48031, Estonia"
39.3304,-105.319,2397.85,4691,"Sedalia, CO 80135, United States"
50.5993,4.01963,75.12,6799,"Chemin de l'Ardoisier, Soignies, Walloon Region 7063, Belgium"
20.7302,107.048,24.62,1319,"DUONG 1 Thang 4 26, Hai Phong, Thnh Ph Hi Phng, Vietnam"
51.2002,8.53219,673.9,2133,"Am Hagenblech 63, Winterberg, NW 59955, Germany"
53.6965,11.4396,45.5,2902,"Am Zeltplatz, Seehof, MV 19069, Germany"
51.2776,84.75,802.28,1379,"Ust'-Kanskiy rayon, Ust'-Kanskiy rayon, Siberian Federal District 649450, Russia"
53.2832,-3.85745,197.64,462,"Wales, United Kingdom"
-8.16177,-34.913,29.41,1133,"Avenida Bernardo Vieira de Melo, 1000, Jaboato dos Guararapes, PE 54410-010, Brazil"
65.9868,15.5565,744.93,1206,"Vsterbotten 924 32, Sweden"
52.2867,4.85322,1.6,2947,"Startbaan, Amstelveen, North Holland 1185, Netherlands"
46.6694,23.4502,530,4193,"DJ107M, Savadisla, Cluj 407505, Romania"
54.2701,58.3728,902.82,1175,"Beloretskiy rayon, Volga Federal District 453520, Russia"
47.1167,39.855,3.05,1953,"Don, Aksayskiy rayon, Southern Federal District 346703, Russia"
47.6315,13.017,652.87,1707,"Tanzebengasse, Berchtesgaden, BY 83471, Germany"
49.7313,39.854,133,501,"Sovetskaya ulitsa 149, Kantemirovskiy rayon, Central Federal District, Russia"
46.3758,39.7504,32,1698,"Don, Kushchyovskiy rayon, Southern Federal District, Russia"
36.0774,-96.0486,205.83,932,"W 60th St S, Tulsa, OK 74107, United States"
60.5211,15.4477,231.33,4758,"Dalarna County 784 34, Sweden"
44.8463,27.366,50,921,"DJ211C, Rosiori, Brila 817120, Romania"
49.8027,7.74169,130,2720,"Niederthler Hof, Schlobckelheim, RP 55596, Germany"
48.1493,11.4441,526.8,11463,"Aubinger Strae 46, Munich, BY 81243, Germany"
55.8032,37.8228,1,1471,"Sireneviy bul'var, Moscow, Central Federal District 105484, Russia"
47.1451,10.195,2148,875,"Klsterle, Vorarlberg 6754, Austria"
-42.7914,147.265,19.36,2043,"Street, Claremont, TAS 7011, Australia"
53.2026,50.1384,108.6,4004,"Dachnaya ulitsa, Samara, Volga Federal District 443096, Russia"
37.9988,-1.03962,41.6,821,"Camino del Reguern, Murcia, Regin de Murcia 30589, Spain"
22.9873,72.4864,16.53,2414,"Sarkhej Sanand Road, Ahmedabad, Gujarat 382210, India"
48.8253,9.17087,330.61,1276,"B10, Stuttgart, BW 70435, Germany"
47.8908,12.9945,408,3071,"Antheringer Landesstrae, Anthering, Salzburg 5102, Austria"
47.726,-1.07681,99,2430,"Arterial, Vergonnes, Loire Region 49420, France"
52.9369,36.0412,190.78,2728,"Oryol, Oryol, Central Federal District 302043, Russia"
51.0976,13.905,255.85,911,"Robert-Blum-Weg, Radeberg, SN 01454, Germany"
47.6579,-2.75801,75.1,787,"3 Rue mile Burgault, Vannes, Brittany 56000, France"
57.701,39.7603,138.75,3931,"Leningradskiy prospekt 125, Yaroslavl, Central Federal District 150064, Russia"
43.7173,16.9147,1855.72,5703,"Livno, Federation of Bosnia and Herzegovina 80101, Bosnia and Herzegovina"
-36.1714,175.44,348.49,8412,"Aotea Rd, Auckland, Auckland 0991, New Zealand"
40.4638,-3.62524,669,2813,"Anillo Verde Ciclista, Madrid, Community of Madrid 28043, Spain"
30.18,-81.8263,21,773,"3985 Pebble Brooke Circle S, Orange Park, FL 32065, United States"
56.9008,40.4524,171.3,1647,"Teykovskiy rayon, Central Federal District, Russia"
55.2415,83.4476,226.53,4710,"Sibir', Moshkovskiy rayon, Siberian Federal District, Russia"
33.9536,133.763,167.54,1534,"32, Japan"
-21.0187,55.5395,612.02,2585,"Chemin Fleurs Jaunes les Hauts, Salazie, Reunion"
-4.36002,55.8436,351.43,155,"Seychelles"
44.5525,4.50592,326.07,1560,"Rue de la Couronne, Villeneuve-de-Berg, Rhone-Alpes 07170, France"
50.175,39.5897,87.27,1460,"Rossoshanskiy rayon, Central Federal District, Russia"
54.282,47.3436,194.46,1120,"R178, Karsunskiy rayon, Volga Federal District 433210, Russia"
49.8288,8.71964,242.99,3565,"Unterer Schachenmhlenweg 31, Ober-Ramstadt, HE 64372, Germany"
46.7964,-60.8743,30.32,599,"Inverness, NS B0E, Canada"
42.7818,132.85,42.3,4208,"Nakhodka, Nakhodka, Far Eastern Federal District 692924, Russia"
8.52905,76.9392,59.94,409,"Kollam Road, Thiruvananthapuram, Kerala 695004, India"
25.0687,55.3088,13,1325,"29542 73659, Dubai, Dubai, United Arab Emirates"
55.311,50.3735,95.2,1345,"R239, Chistopol'skiy rayon, Volga Federal District 422951, Russia"
47.9208,12.3496,530.61,2709,"Street, Bad Endorf, BY 83093, Germany"
50.914,34.8138,141.43,1262,"Troitska vulytsia & Pionerskyi provulok, Sumy, Sumy, Ukraine"
42.442,20.4901,430,4178,"Street, Gjakov, Komuna e Gjakovs, Kosovo"
56.3885,58.5575,242.62,476,"65K-1402150 & 65K-1402000, Artinskiy rayon, Ural Federal District 623340, Russia"
55.8297,49.0834,65.45,1281,"Kazan, Kazan, Volga Federal District 420080, Russia"
56.7215,53.1476,100.13,251,"Zav'yalovskiy rayon, Zav'yalovskiy rayon, Volga Federal District 427000, Russia"
55.8986,37.424,205.6,1022,"Leningradskoe shosse, Khimki, Central Federal District 141400, Russia"
52.2499,9.67105,93.05,5416,"Hiddestorfer Strae 1, Springe, NI 31832, Germany"
46.9557,10.9787,2432,782,"Slden, Tyrol 6450, Austria"
49.7672,24.0441,316.89,933,"E40, Pustomytivskyi raion, Lviv, Ukraine"
34.664,135.498,31.4,1840,"Osaka, Osaka, Japan"
44.9486,26.0018,167.1,5082,"Strada Tarcaului 32, Ploiesti, Prahova 100366, Romania"
51.073,39.7359,124,833,"Liskinskiy rayon, Central Federal District, Russia"
48.3447,2.71603,105,2312,"50 Rue Murger, Bourron-Marlotte, IdF 77780, France"
37.6911,-6.60676,423.59,229,"El Campillo, Andalusia, Spain"
45.7192,16.0602,123.7,1279,"Zagrebaka ulica 85, Velika Gorica, Zagreb 10410, Croatia"
10.1417,76.2066,-85,591,"Republic Road, Paravur, Kerala 683513, India"
53.1224,4.80665,41.5,686,"Zanddijk, De Cocksdorp, North Holland 1795, Netherlands"
57.563,28.0817,73.3,2111,"Palkinskiy rayon, Palkinskiy rayon, Northwestern Federal District 181270, Russia"
50.383,8.88222,130,2243,"Hauptstrae 76, Gettenau, HE 61209, Germany"
-37.7388,144.943,70.99,7630,"446 Bell St, Pascoe Vale South, VIC 3044, Australia"
30.5981,34.7653,843.08,1967,"Street, Beersheba, Darom, Israel"
57.9733,56.1691,141,331,"ulitsa Mira & ulitsa Kosmonavta Leonova, Perm, Volga Federal District 614036, Russia"
51.791,-3.36356,291.25,2748,"Street, Pont Sticill, Wales CF48 2, United Kingdom"
51.4631,0.0001602,38.5,1480,"Lee Terrace, SE13, England SE13 5, United Kingdom"
40.5936,33.6211,714,589,"D-765, Cankiri, Cankiri 18200, Turkey"
54.6952,25.3066,131.7,1885,"Antakalnio gatv 8, Vilnius, Vilniaus 10308, Lithuania"
50.5645,12.2846,420.23,1810,"E441, Treuen, SN 08233, Germany"
45.0345,39.0174,26.34,4776,"Krasnodar, Krasnodar, Southern Federal District 350000, Russia"
54.7891,-1.59687,65,1931,"Southfield Way, Durham, England DH1 4, United Kingdom"
56.8,58.4846,96.01,536,"65K-0002220, Achitskiy rayon, Ural Federal District 623230, Russia"
68.9552,33.0853,54.45,760,"Murmansk, Murmansk, Northwestern Federal District 183032, Russia"
59.8354,10.8371,128,3133,"Slimeveien, Oslo, Oslo 1275, Norway"
40.5289,-88.9334,830.28,8953,"3083 Three Eagles St, Normal, IL 61761, United States"
32.5721,34.9744,148,3198,"Hadera, Haifa, Israel"
55.6787,37.4831,1,1252,"ulitsa Lobachevskogo, Moscow, Central Federal District 119454, Russia"
39.7292,140.092,10.22,2209,"Akita, Japan"
36.2526,28.1684,6.87,2752,"Efkalypton, Afantou, Southern Aegean 851 03, Greece"
38.3012,-2.60741,1063,1273,"Orcera, Andalusia, Spain"
18.808,100.53,555.67,1020,"Rural Road 4002, Wiang Sa, Nan 55110, Thailand"
66.0052,33.036,110.64,920,"Kola, Loukhskiy rayon, Northwestern Federal District, Russia"
50.9399,11.5778,305.36,3163,"Am Steiger 99, Jena, TH 07743, Germany"
43.1267,10.7536,99.15,1122,"Monterotondo Marittimo, Tosc., Italy"
-33.9121,151.124,26.6,2045,"112 Melford St, Hurlstone Park, NSW 2193, Australia"
35.8416,140.015,67,1960,"Chiba, Japan"
58.0021,56.056,90.6,580,"57K-0064, Permskiy rayon, Volga Federal District, Russia"
37.9484,14.9571,1208.05,1710,"Street, Santa Domenica Vittoria, Sic. 98030, Italy"
39.991,-75.3777,120.3,3127,"143 Barren Rd, Newtown Square, PA 19073, United States"
-0.509288,36.7038,3097.9,399,"Street, Nyeri, Central, Kenya"
51.2277,22.5345,172.5,531,"ulica Romantyczna, Lublin, LU 20-533, Poland"
52.6903,-3.07374,79.66,493,"A458, Trewern, Wales SY21 8, United Kingdom"
-29.9997,-51.191,14.24,589,"Avenida Cear, 431, Porto Alegre, RS 90240-510, Brazil"
41.8698,12.4722,17.89,3437,"Lungotevere Vittorio Gassman, Rome, Laz. 00146, Italy"
56.7355,37.8468,148.1,783,"Taldom-Mokryagi, Taldomskiy rayon, Central Federal District 141915, Russia"
46.3541,7.15335,1229.12,1339,"Chemin du Plan d'Amont 1, Ormont-Dessus, VD 1865, Switzerland"
54.2204,10.0066,36,2764,"A215, Blumenthal, SH 24241, Germany"
46.2016,10.8584,1701.66,1506,"Ragoli, Tr.A.A., Italy"
-34.8437,138.6,6,1613,"588 Port Wakefield Rd, Gepps Cross, SA 5094, Australia"
54.1547,-6.07689,479.37,2350,"Northern Ireland, United Kingdom"
44.7488,37.7775,74.7,2773,"Rodnikovaya ulitsa 25, Novorossiysk, Southern Federal District 353900, Russia"
44.1101,11.2299,626.92,3186,"Via della Futa, Castiglione dei Pepoli, Em.Rom. 40035, Italy"
-28.3358,-51.459,786.95,2216,"BR-470, Lagoa Vermelha, RS 95300-000, Brazil"
65.9986,-16.5169,55.41,1399,"Noruring, Nordhurland Eystra 640, Iceland"
53.2769,13.3759,65.59,2465,"An der Lehmgrube, Feldberger Seenlandschaft, MV 17258, Germany"
57.4178,56.9693,161.63,879,"ulitsa Stepana Razina 22, Kungur, Volga Federal District, Russia"
50.9134,10.3314,504,1858,"Street, TH 99819, Germany"
51.0354,7.26006,169.82,1031,"Wipperfrther Strae 325, Krten, NW 51515, Germany"
54.6751,86.203,216.93,1138,"R384, Leninsk-Kuznetskiy, Siberian Federal District 652519, Russia"
52.5427,-1.83272,128.47,2087,"66 Sunnybank Road, Sutton Coldfield, England B73 5, United Kingdom"
62.5016,14.173,556.3,1330,"Fjllfoten, Klvsj, Jamtland County 840 32, Sweden"
50.9617,7.41312,208.71,626,"Street, Engelskirchen, NW 51766, Germany"
61.0323,64.7989,85.5,2624,"Sovetskiy rayon, Ural Federal District, Russia"
18.965,98.8529,598.56,5072,"Mae Raem Mae Rim, Mae Rim, Chiang Mai 50180, Thailand"
43.814,39.447,52.43,1068,"E97, Sochi, Southern Federal District 354000, Russia"
48.6609,20.8076,804.25,652,"Haava, Kosice 044 02, Slovakia"
53.9327,27.5171,192.27,3036,"Minsk, Minsk, Belarus"
50.0627,72.9484,495.1,746,"Respublika dagili 95, Temyrtau, Qaraghandy, Kazakhstan"
43.8096,7.46914,435,2163,"Sainte-Agns, PACA, France"
43.0244,2.20749,244.2,1558,"D121, Magrie, Languedoc-Roussillon 11300, France"
51.8251,0.490818,33.86,1411,"Church Lane, Little Leighs, England CM3 1, United Kingdom"
36.0615,-95.9222,228.29,813,"S Yale Ave, Tulsa, OK 74136, United States"
42.4575,-6.04681,857.19,821,"Street, Astorga, Castilla and Leon 24700, Spain"
41.2253,13.0879,169,2452,"Via Grotta delle Capre, San Felice Circeo, Laz. 04017, Italy"
50.8061,7.26021,142.74,1362,"Rmerstrae 1, Kaldauen, NW 53721, Germany"
43.9094,11.0348,50,1091,"Via Venezia 36, Montemurlo, Tosc. 59013, Italy"
51.6909,-0.159519,99.15,516,"Welwyn Hatfield, England, United Kingdom"
55.6166,38.0167,128.04,3078,"Opytnoe Pole posyolok, Ramenskiy rayon, Central Federal District 140153, Russia"
47.5825,7.55606,250.8,6364,"MajorRoad, Saint-Louis-ls-Bitche, Alsace 68300, France"
48.8828,20.8489,432,1072,"Nin Slovinky 53, Slovinky, Kosice 053 40, Slovakia"
49.2377,7.67058,304.39,2871,"L497, Mnchweiler an der Rodalbe, RP 66981, Germany"
20.9378,107.118,4.94,2367,"DUONG Tran Quoc Nghien 196, Thanh Pho Ha Long, Tnh Qung Bnh, Vietnam"
58.5473,59.0059,473.96,883,"57K-1103, Gornozavodskiy rayon, Volga Federal District 618820, Russia"
30.8712,75.9143,244.79,2464,"G. T. Road, Ludhiana, Punjab 141014, India"
50.0804,8.24851,113.2,2445,"Bierstadter Strae 5, Wiesbaden, HE 65189, Germany"
46.7883,16.3425,236.14,2090,"F t 94, Kercaszomor, Vas 9945, Hungary"
50.1046,7.13768,172,1409,"Street, Ediger-Eller, RP 56814, Germany"
35.3342,139.51,20,1945,"Kanagawa, Japan"
52.7111,41.6429,145.39,169,"Sovetskaya ulitsa 104, Tambovskiy rayon, Central Federal District 392515, Russia"
58.7889,31.4536,60.05,5394,"Rossiya, Novgorodskiy rayon, Northwestern Federal District, Russia"
15.5388,106.264,326.28,4117,"Laos"
69.005,33.0853,59.8,865,"Murmansk, Murmansk, Northwestern Federal District 183035, Russia"
39.2496,23.1824,22.4,2974,"Argalasti, Thessaly 370 06, Greece"
35.3837,139.222,152,707,"Kanagawa, Japan"
52.339,4.82686,35,3012,"Knooppunt de Nieuwe Meer, Amsterdam, North Holland 1066, Netherlands"
55.7746,37.5815,1,1571,"ulitsa Gruzinskiy Val 29, Moscow, Central Federal District 123056, Russia"
52.1683,20.9946,145.6,2501,"ulica Kobucka 23E, Warsaw, MA 02-699, Poland"
50.7705,13.3268,530.9,1440,"Am Kunstgraben 75, Grosshartmannsdorf, SN 09618, Germany"
49.2611,9.06671,284.8,884,"Bad Rappenau, BW, Germany"
48.7052,18.9655,999.3,909,"Kremnica, Banska Bystrica 967 01, Slovakia"
-13.4484,-172.374,13.9,210,"Samoa"
49.1322,9.183,186.91,1001,"Heuchelbergstrae, Heilbronn, BW 74080, Germany"
50.3734,6.79499,331.31,1626,"B258, Dorsel, RP 53533, Germany"
46.2726,3.73671,450.03,852,"D994, Loddes, Auvergne 03130, France"
50.3059,30.9586,120.9,1018,"Boryspilskyi raion, Kiev, Ukraine"
2.83298,101.803,83.7,2168,"E2, Setul, Negri Sembilan 71800, Malaysia"
52.3867,-1.2651,97.4,1981,"Street, Rugby, England CV21 1, United Kingdom"
35.1034,135.86,331.6,5662,"Shiga, Japan"
68.723,15.4891,5.1,1313,"82, Sortland, Nordland 8407, Norway"
51.4009,7.46213,125.5,4298,"E37, Hagen, NW 58099, Germany"
-20.644,-40.5167,24.65,1488,"Rodovia Jones dos Santos Neves, Guarapari, ES, Brazil"
50.7527,13.72,815.34,814,"Schneise 28, Altenberg, SN 01773, Germany"
44.3658,38.6876,97.9,1289,"Don, Tuapsinskiy rayon, Southern Federal District 352823, Russia"
53.0058,-1.19511,43.88,2091,"Ragdale Road, Bulwell, England NG6 8, United Kingdom"
39.0742,-77.1388,446.82,3052,"Wootton Pkwy, Rockville, MD 20852, United States"
35.5795,139.51,29.42,2772,"Kanagawa, Japan"
51.9129,-8.23101,0.64,6020,"N25, Cork, County Cork, Ireland"
32.0158,15.0427,45.91,219,"Libya"
53.4227,49.4805,59.74,981,"Ural, Zhigulyovsk, Volga Federal District 445350, Russia"
51.3223,7.4843,242.5,1343,"Street, Hagen, NW 58091, Germany"
47.4044,10.2851,836.27,1326,"Oststrae, Oberstdorf, BY 87561, Germany"
53.5895,-2.57963,142.5,4370,"145 Greenbarn Way, Blackrod, England BL6 5, United Kingdom"
52.6993,6.07995,0.36,3416,"Overijssel 8331, Netherlands"
49.4727,11.1387,300.6,3465,"Gnthersbhler Strae 5, Nuremberg, BY 90491, Germany"
52.1957,7.91317,163.1,2481,"Am Hhneberg 5, Hagen, NI 49170, Germany"
45.1371,4.94656,292.4,4001,"D112, Bren, Rhone-Alpes 26260, France"
48.9821,2.02808,142.8,3823,"46 Rue de l'Hautil, Chanteloup-les-Vignes, IdF 78570, France"
32.8254,-106.278,1181.08,1457,"Alamogordo, NM 88310, United States"
60.2013,24.9541,25,5425,"Helsinki, Southern Finland 00520, Finland"
55.6845,37.4793,1,2695,"ulitsa Lobachevskogo 100, Moscow, Central Federal District 119607, Russia"
34.7917,134.121,15.63,1193,"Okayama, Japan"
5.45988,100.289,11.9,2585,"41 Jalan Loh Poh Heng, Tanjong Bungah, Pinang 11200, Malaysia"
52.4946,13.3486,74.02,6209,"Hohenstaufenstrae 14, Berlin, BE 10781, Germany"
27.6715,85.4223,1321.47,1982,"Dudhpati, Bhaktapur, Bgmat, Nepal"
53.5995,24.7694,173.68,2971,"Shchuchynski rayon, Hrodzyenskaya Voblasts', Belarus"
48.7654,9.07796,460.61,1815,"Krucksweg, Stuttgart, BW 70197, Germany"
50.1373,8.56497,124.8,6431,"L3006, Eschborn, HE 65760, Germany"
0.324778,-78.1038,2355,2296,"Street, Ibarra, Imbabura, Ecuador"
25.9055,-100.352,479.1,1909,"Carretera Villa del Carmen-Abasolo, Carmen, NL 66550, Mexico"
50.0277,6.27688,363.04,2199,"K59, Ammeldingen, RP 54673, Germany"
50.8486,14.3476,314.76,1106,"Rov, st nad Labem 407 14, Czech Republic"
55.6812,52.2794,75.59,851,"Kazanskiy prospekt, Naberezhnye Chelny, Volga Federal District 423800, Russia"
48.2118,9.88871,509.89,914,"Hungerberg 18, Baustetten, BW 88471, Germany"
56.8706,56.3763,187.15,801,"57K-0023, Uinskiy rayon, Volga Federal District 617520, Russia"
51.5112,-0.291988,29.8,2215,"Gunnersbury Avenue, W5, England W5 3, United Kingdom"
52.5546,-2.85116,472.77,810,"Shropshire, England, United Kingdom"
47.7391,10.2938,768.1,1359,"Heiligkreuzer Strae 71, Kempten, BY 87439, Germany"
27.495,90.5131,2165.51,1369,"Bhutan"
43.764,1.69298,114.91,971,"6 Rue Auguste Renoir, Saint-Sulpice, Mid-Pyrenees 81370, France"
55.9171,37.7936,161.85,1131,"Yaroslavskoe shosse, Korolyov, Central Federal District 141070, Russia"
53.0904,13.9603,28.3,509,"Burgstrae 2, Greiffenberg, BB 16278, Germany"
47.5057,11.2612,888.16,3125,"Krn, BY, Germany"
56.3543,41.3123,118.59,4803,"prospekt Lenina, Kovrov, Central Federal District 601900, Russia"
49.7575,31.4334,125.31,1057,"Lenina vulytsia, Kanivskyi raion, Cherkasy, Ukraine"
55.981,9.86717,90.1,9088,"54, Skanderborg, Middle Jutland 8660, Denmark"
16.7543,98.5649,222.48,1046,"Rural Road 3002, Mae Sot, Tak 63110, Thailand"
47.0246,37.0298,87.1,1189,"M14, Berdianskyi raion, Zaporizhzhya, Ukraine"
50.8535,14.8501,276.44,2963,"Libereck 308, Hrdek nad Nisou, Liberec 463 34, Czech Republic"
53.442,50.6146,169.23,2690,"Kinel'skiy rayon, Kinel'skiy rayon, Volga Federal District 446412, Russia"
52.459,-0.301063,16,2639,"4 Sawtry Road, Glatton, England PE28 5, United Kingdom"
59.9402,10.6818,285,1363,"Holmenkollveien 8B, Oslo, Oslo 0376, Norway"
28.2107,-16.7159,1782.42,2373,"Street, Gua de Isora, Canary Islands 38688, Spain"
56.2175,87.7482,132.89,864,"Antibesskaya ulitsa 10, Mariinsk, Siberian Federal District, Russia"
-34.1463,138.731,303,2565,"Riverton-Undalya Rd, Riverton, SA 5412, Australia"
14.1502,121.236,106.68,2253,"Los Baos, Calabarzon, Philippines"
57.1955,38.0392,133.81,1370,"Kalyazinskiy rayon, Central Federal District, Russia"
60.2891,29.8196,31.17,2436,"Skandinaviya, Vyborgskiy rayon, Northwestern Federal District 188839, Russia"
46.7208,35.9028,26.21,978,"E58, Pryazovskyi raion, Zaporizhzhya, Ukraine"
55.9438,-4.07863,73.91,9013,"B8048, Glasgow, Scotland G66 3, United Kingdom"
47.8024,1.23839,178,1502,"D917, Center 41290, France"
43.5868,-116.538,752.3,2003,"Garrity Blvd & N Grant St, Nampa, ID 83687, United States"
48.0388,0.294354,60.22,1155,"E502, Yvr-lvque, Loire Region 72530, France"
54.3868,11.1009,37.2,408,"E47, Groenbrode, SH 23775, Germany"
56.1351,47.8285,68.3,1028,"Zvenigovskiy rayon, Volga Federal District, Russia"
50.3081,8.21558,230,1845,"Hof Gnadenthal, Hnfelden, HE 65597, Germany"
41.3599,2.06168,35.77,1477,"Carrer de la Terra Alta, Cornell de Llobregat, Catalonia 08940, Spain"
37.3944,-5.95304,82,705,"Street & Avenida Santa Clara de Cuba, Seville, Andalusia 41007, Spain"
50.7139,7.18352,124.45,4769,"Kucksteinweg, Bonn, NW 53227, Germany"
48.9186,9.08399,296.95,1607,"Street, Markgrningen, BW 71706, Germany"
49.4185,32.9579,88.09,621,"N08, Hlobynskyi raion, Poltava, Ukraine"
56.8085,62.0355,165.96,3184,"65K-0701000 & ulitsa Stepana Razina, Bogdanovichskiy rayon, Ural Federal District, Russia"
50.8764,9.19776,270.27,425,"L3263, Willingshausen, HE 34628, Germany"
56.9006,60.5945,261.21,1591,"ulitsa 40 let Oktyabrya & ulitsa Pobedy, Yekaterinburg, Ural Federal District 620042, Russia"
-12.5542,-38.6545,41.95,667,"BR-420, So Francisco do Conde, BA 43900-000, Brazil"
36.0899,-95.902,197.46,689,"6769 E 51st St S, Tulsa, OK 74145, United States"
14.7461,121.08,153,717,"Quirino Hwy, Caloocan City North, National Capital Region, Philippines"
34.0116,-118.495,24.2,1272,"1591 Ocean Ave, Santa Monica, CA 90401, United States"
48.4331,9.12792,507,3118,"Street, Reutlingen, BW 72770, Germany"
35.1267,-82.9127,846.58,1838,"313 Rosman Hwy, Lake Toxaway, NC 28747, United States"
48.6968,9.33434,318,835,"Gottlieb-Wolfer-Strae, Denkendorf, BW 73770, Germany"
32.4638,-111.327,573.3,2302,"16880 W Silverbell Rd, Marana, AZ 85653, United States"
63.0987,21.7207,21.5,2740,"Vanhan Vaasan katu, Vaasa, West and Inner Finland 65370, Finland"
46.0434,7.02805,2469.02,3900,"Martigny-Combe, VS 1921, Switzerland"
52.3318,9.83601,107.31,3601,"Honerkamp & Weinkampswende, Hannover, NI 30539, Germany"
56.8468,53.2875,144.7,1188,"ulitsa Lenina, Izhevsk, Volga Federal District 426072, Russia"
46.4797,6.91896,1130.22,1033,"Chemin de la Biole & Route des Monts, Blonay, VD 1807, Switzerland"
52.3052,9.80329,44.84,1350,"Bahnweg, Laatzen, NI 30880, Germany"
43.3054,13.0283,566,3292,"Street, Matelica, Marc. 62024, Italy"
64.2838,-20.4397,222.5,2047,"Blskgabygg, Sudhurland 801, Iceland"
49.9268,136.244,57.6,1916,"Amurskiy rayon, Far Eastern Federal District, Russia"
52.397,0.261896,17.44,455,"3 The Gallery, Ely, England CB7 4, United Kingdom"
50.5782,39.3584,218.25,857,"R194, Kamenskiy rayon, Central Federal District 396510, Russia"
49.4939,26.4234,327,1204,"M12, Volochyskyi raion, Khmelnytsky, Ukraine"
-34.4989,150.429,671.29,1085,"119 Kangaloon Rd, Bowral, NSW 2576, Australia"
25.1546,121.516,480,3691,"Taipei City, Taipei City 112, Taiwan"
58.1567,12.6419,84.3,3905,"Gennevedsvgen & 190, Sollebrunn, Vastra Gotaland County 466 94, Sweden"
43.7285,11.4682,151.83,531,"Localit Riscaggio, Reggello, Tosc. 50066, Italy"
2.777,32.295,1097,938,"Airfield Road, Gulu, Northern, Uganda"
39.8701,116.412,79,2150,"Beijing (Peking), China"
31.7041,35.0162,380.82,1648,"375, Jerusalem"
64.765,19.2326,259,1477,"Ajaur, Lycksele, Vsterbotten 921 91, Sweden"
15.4884,120.965,111.4,3973,"Gen. Luna, Cabanatuan City, Central Luzon, Philippines"
59.2534,10.3582,90,631,"Bekkeveien & Vearsen, Vear, Vestfold 3173, Norway"
56.2626,33.3941,249.63,995,"Baltiya, Oleninskiy rayon, Central Federal District, Russia"
48.9331,21.358,641.49,1907,"Abranovce, Presov 082 52, Slovakia"
10.769,76.6513,4,1312,"Robinson Road, Palakkad, Kerala 678014, India"
45.2164,12.1645,5.9,2715,"Via Ca' Bianca, Chioggia, Ven. 30015, Italy"
51.8149,-0.19042,112.1,1812,"171 Blythway, Welwyn Garden City, England AL7 1, United Kingdom"
44.9202,5.63483,-855,2712,"D1075, Monestier-de-Clermont, Rhone-Alpes 38650, France"
57.0913,53.2281,152.49,2679,"Yakshur-Bod'inskiy rayon, Volga Federal District 427100, Russia"
53.5692,28.1372,168.51,1197,"M5, Pukhavitski rayon, Minsk, Belarus"
35.6602,139.284,222,2527,"Tokyo, Japan"
52.532,0.854477,38.11,4233,"Breckland, England, United Kingdom"
55.0426,37.1181,175.5,3432,"Moskovskoe bol'shoe kol'tso, Serpukhovskiy rayon, Central Federal District 142200, Russia"
51.5293,46.2851,40,449,"R226, Engel'sskiy rayon, Volga Federal District 413151, Russia"
47.2051,8.9783,415.91,1817,"Benken, SG 8717, Switzerland"
53.0531,21.5282,126,1107,"61, Olszewo-Borki, MA 07-415, Poland"
55.7574,37.5456,1,3097,"Moscow, Moscow, Central Federal District 123317, Russia"
-22.9114,118.813,727.22,210,"Great Northern Hwy, Newman, WA 6753, Australia"
49.9113,23.4925,230,907,"M10, Yavorivskyi raion, Lviv, Ukraine"
57.1493,-2.09356,23.21,333,"38 King Street, Aberdeen, Scotland AB24 5, United Kingdom"
53.878,27.5169,255.72,2334,"praspyekt Zhukava, Minsk, Minsk, Belarus"
52.2362,0.154249,49.56,914,"Street, Cambridge, England CB4 0, United Kingdom"
51.7113,55.2455,106.5,2651,"Orenburgskiy rayon, Orenburgskiy rayon, Volga Federal District 460501, Russia"
47.5295,19.0136,218.1,5302,"Zld Lomb utca 17b, Budapest, Budapest 1025, Hungary"
23.1938,57.1995,1870.86,441,"Al Hamra, Ad Dakhiliyah, Oman"
54.0341,27.8572,191.83,1587,"R80, Minski rayon, Minsk, Belarus"
40.6252,-122.32,182.79,1393,"Street, Redding, CA 96003, United States"
52.1986,24.277,138,1333,"M1, Kobrynski rayon, Brest, Belarus"
57.1176,85.9197,132.59,631,"Asinovskiy rayon, Siberian Federal District, Russia"
49.404,8.6752,166,3115,"Kurfrsten-Anlage, Heidelberg, BW 69115, Germany"
47.5326,19.187,137.6,1883,"Szlovk t 110, Budapest, Budapest 1162, Hungary"
3.75133,-74.9132,333.96,2172,"Prado, Tolima 734527, Colombia"
51.7433,36.155,219,2393,"Zapol'naya ulitsa 40, Kursk, Central Federal District 305040, Russia"
51.8692,4.57928,-1.85,6140,"A16, Ridderkerk, South Holland 2982, Netherlands"
50.4873,9.20333,561,1537,"Busenborn Auerhalb, Schotten, HE 63679, Germany"
59.3291,60.4625,155.05,960,"65K-4103000, Novolyalinskiy rayon, Ural Federal District 624400, Russia"
31.2374,121.501,68,2583,"Shanghai, China"
-2.18313,-78.8215,2911.97,1162,"E35, Tixan, Chimborazo, Ecuador"
59.9297,10.7181,47,710,"Oslo, Oslo 0366, Norway"
53.7255,-1.88965,239.2,2888,"Spring Hall Lane, Pellon, England HX2 0, United Kingdom"
42.5576,-6.50306,-4968.4,1824,"Street, Molinaseca, Castilla and Leon 24398, Spain"
55.7235,37.5518,124.05,690,"Luzhnetskaya Estakada, Moscow, Central Federal District 119270, Russia"
48.7125,8.74057,321,2049,"Badstrae 18, Calw, BW 75365, Germany"
48.6913,9.84379,691.2,753,"Donzdorf, BW, Germany"
43.3415,-1.74402,92.19,1965,"Autoroute de la Cte Basque, Biriatou, Aquitaine 64700, France"
49.8662,82.4748,110.64,1786,"Ulan audani, Shigis Qazaqstan oblisi, Kazakhstan"
53.5894,-2.5795,143.4,973,"145 Greenbarn Way, Blackrod, England BL6 5, United Kingdom"
52.0455,5.57244,22.6,2518,"Veenendaalseweg 1C, De Klomp, Gelderland 6745 XJ, Netherlands"
52.7407,48.2541,120.7,1028,"R228, Khvalynskiy rayon, Volga Federal District 412777, Russia"
42.1159,2.20157,588.7,1435,"C-17z, Montesquiu, Catalonia 08585, Spain"
32.9881,35.704,341.5,1758,"Street, Katsrin, Tsafon, Israel"
57.176,10.2515,51.27,1584,"Thorup Hedevej, Dronninglund, North Jutland 9330, Denmark"
67.8556,34.7526,857.4,313,"Lovozerskiy rayon, Northwestern Federal District 183038, Russia"
52.3857,-1.80079,174.16,1073,"Creynolds Lane, Shirley, England B90 4, United Kingdom"
52.3124,10.9458,117.22,547,"K51, Rennau, NI 38368, Germany"
49.2447,16.8721,427.51,646,"Olany, South Moravia 683 01, Czech Republic"
56.0784,13.4332,97.26,2136,"Perstorp, Skane County 284 91, Sweden"
53.0969,-2.43409,57.2,1240,"Grand Junction Retail Park, Crewe, England CW1 2, United Kingdom"
43.9598,5.04261,119.5,1407,"80 Chemin des Arrayes, Velleron, PACA 84740, France"
34.1191,-118.225,162.8,2028,"4122 Scandia Way, Los Angeles, CA 90065, United States"
60.2057,29.5723,69.95,762,"ulitsa Lesnaya-Serovo, Saint Petersburg, Northwestern Federal District 197729, Russia"
57.0821,33.0632,229.85,1658,"Ostashkovskiy rayon, Ostashkovskiy rayon, Central Federal District 172759, Russia"
53.1926,10.0598,97,1339,"Sudermhler Weg 13, Egestorf, NI 21272, Germany"
62.1257,38.4505,121.7,2110,"Plesetskiy rayon, Northwestern Federal District, Russia"
49.1648,21.137,1019.39,1229,"Drienica, Presov 083 01, Slovakia"
3.31393,101.417,4,566,"45600 Ijok, Ijok, Selangor 45600, Malaysia"
51.2833,5.75625,88,1336,"Sint Rochusstraat 6, Nederweert, Limburg 6031 BH, Netherlands"
46.506,6.67377,-48.25,1707,"Route de la Bordinette, Paudex, VD 1094, Switzerland"
52.2863,-2.8055,172.7,436,"Street, Croft, England HR6 9, United Kingdom"
60.3716,25.2961,22.28,498,"Nikkilntie 364, Sipoo, Southern Finland 04130, Finland"
52.5728,38.6555,188.37,2460,"Don, Eletskiy rayon, Central Federal District 399752, Russia"
55.6359,12.623,149.49,1434,"Saltvrksvej 152, Kastrup, Capital Region 2770, Denmark"
55.9805,37.2938,209.2,1928,"Leningradskoe shosse, Solnechnogorskiy rayon, Central Federal District 141421, Russia"
59.2265,14.8826,51.57,2969,"Orebro County 716 30, Sweden"
32.4317,-2.12721,1075.64,1809,"N10, Bni Guil, Rgion de l'Oriental, Morocco"
47.0617,15.4735,337.56,1587,"Sankt-Peter-Pfarrweg, Graz, Styria 8010, Austria"
50.2402,12.3283,601,2172,"Hennebacher Strae, Rohrbach, SN 08648, Germany"
46.0451,18.2319,150,4015,"Siklsi t & Kanizsai Dorottya t / Malter Pl t, Pecs, Baranya 7632, Hungary"
46.8889,10.4964,1356.95,1374,"Martinsbrucker Strae, Nauders, Tyrol 6543, Austria"
45.0658,39.0281,23.95,1245,"Cherkasskaya ulitsa 69, Krasnodar, Southern Federal District 350029, Russia"
35.4434,139.391,-0.5,1782,"Kanagawa, Japan"
52.1161,-1.00613,99.15,2779,"A43, Towcester, England NN12 6, United Kingdom"
53.5155,49.439,109,592,"Komsomol'skaya ulitsa, Togliatti, Volga Federal District 445009, Russia"
-26.5781,31.4844,428,3343,"D12, Mthongwaneni, Manzini, Swaziland"
46.3577,15.9591,250.56,1120,"Gradia, Videm, Ptuj 2284, Slovenia"
43.1053,1.63032,307.76,673,"Street, Pamiers, Mid-Pyrenees 09100, France"
60.6419,13.744,297.1,764,"stra Utsj 53, Malung, Dalarna County 782 91, Sweden"
56.3965,84.9773,104.5,2623,"Basandayskaya ulitsa, Tomskiy rayon, Siberian Federal District, Russia"
52.7132,41.679,168.86,2472,"Sovetskaya ulitsa 188, Tambovskiy rayon, Central Federal District 392515, Russia"
53.0876,60.7024,292.61,1228,"Kartalinskiy rayon, Kartalinskiy rayon, Ural Federal District 457381, Russia"
51.5954,46.2069,51.5,2107,"Skad, Saratovskiy rayon, Volga Federal District, Russia"
44.212,28.6286,23.6,996,"Bulevardul Alexandru Lapusneanu 189, Constanta, Constana 900489, Romania"
45.3449,27.9391,7,6779,"DJ221B, Vadeni, Brila 817200, Romania"
48.7575,21.2816,307.52,1661,"E50, Kosice, Kosice 040 13, Slovakia"
55.7823,49.1154,62.4,3322,"ulitsa Tatarstan 16, Kazan, Volga Federal District 420021, Russia"
55.1651,30.2103,181.22,2086,"Chkalava vulitsa, Vitsyebsk, Vitsyebsk, Belarus"
42.4423,3.16664,11.19,1684,"4 Boulevard Docteur Andr Parc, Cerbre, Languedoc-Roussillon 66290, France"
60.9412,33.0402,6,1715,"doroga na Olonets 72, Olonetskiy rayon, Northwestern Federal District 186000, Russia"
40.7726,-78.0083,455.8,3683,"Halfmoon Township, PA, United States"
43.7345,5.34884,149.62,4388,"D973, Puyvert, PACA 84160, France"
32.2495,76.3257,1888.66,1274,"McLeodganj, Dharamshala, Himachal Pradesh 176219, India"
51.3816,12.9975,150,1294,"Street, Dahlen, SN 04774, Germany"
53.2954,51.1789,50,1806,"R225, Kinel'-Cherkasskiy rayon, Volga Federal District 446320, Russia"
9.0799,125.188,15.55,876,"Magsaysay, Northern Mindanao, Philippines"
47.5488,13.6271,571.64,3221,"Hallstatt, Upper Austria 4830, Austria"
47.3292,13.7713,1313.78,2820,"Schladming, Styria 8970, Austria"
55.6254,31.2799,165,1303,"Velizhskiy rayon, Central Federal District, Russia"
53.2281,-1.73837,149,1222,"A6, Taddington, England DE45 1, United Kingdom"
53.4791,-2.3575,29.42,1744,"Barton Road, Eccles, England M30 7, United Kingdom"
35.2463,139.033,779.2,1122,"Kanagawa, Japan"
47.9767,9.3688,643.9,1185,"Ostrach, BW, Germany"
35.6369,139.629,38.59,2401,"Tokyo, Tokyo, Japan"
51.3782,-0.401095,58.22,5565,"95 Rydens Avenue, Walton-on-Thames, England KT12 3, United Kingdom"
33.6772,-117.835,6.52,1997,"2861 Coronado, Irvine, CA 92614, United States"
48.7224,40.3561,109.73,2399,"ulitsa Ostrovskogo 26, Tarasovskiy rayon, Southern Federal District 346050, Russia"
54.7503,-1.5038,102.04,2465,"A688, Running Waters, England DH1 2, United Kingdom"
55.9106,37.393,1,1037,"Khimki, Khimki, Central Federal District 141400, Russia"
36.6098,-95.9357,201.47,1511,"28269 US-75 S, Ochelata, OK 74051, United States"
47.4873,9.74246,420.01,1500,"Rheintal Autobahn, Bregenz, Vorarlberg 6900, Austria"
9.90059,-84.0517,1170.3,3438,"Street, San Antonio, San Jose, Costa Rica"
49.013,9.22111,319,1079,"Street, Mundelsheim, BW 74395, Germany"
47.2305,8.83678,436.58,6474,"Bhlstrasse 2, Rapperswil-Jona, SG 8645, Switzerland"
51.9367,47.8097,36.27,594,"R226, Balakovskiy rayon, Volga Federal District 413810, Russia"
51.8494,5.22414,49,1190,"Gelderland 4182 CA, Netherlands"
47.851,15.0506,657,1191,"Lunz am See, Lower Austria 3293, Austria"
53.6939,8.75061,-6.28,2059,"Langen, NI, Germany"
50.1712,39.6083,98.27,850,"ulitsa Maksima Gor'kogo 196, Rossoshanskiy rayon, Central Federal District, Russia"
59.2727,10.4258,24.65,1202,"Slagenveien 33, Tonsberg, Vestfold 3117, Norway"
56.05,45.4815,154.8,4607,"Volga, Lyskovskiy rayon, Volga Federal District 606210, Russia"
47.3665,9.74602,1197.5,360,"Schuttannenstrae 15, Hohenems, Vorarlberg 6845, Austria"
44.5613,-0.23947,12.88,2779,"Route de l'Ancien Pont, Saint-Macaire, Aquitaine 33490, France"
51.811,-2.2588,31.51,3750,"Naas Lane, Quedgeley, England GL4 0, United Kingdom"
34.7882,135.598,-17,2703,"Osaka, Japan"
54.4753,11.207,49.2,1552,"E47, Fehmarn, SH 23769, Germany"
31.8422,34.9917,242.8,3956,"Street, HaGada HaMa'aravit"
41.6219,1.28086,631.1,1070,"L-214, Montoliu de Segarra, Catalonia 25217, Spain"
47.3679,2.19482,188.2,1970,"Route de Souesmes, Nanay, Center 18330, France"
60.7341,37.125,121.1,1059,"Vytegorskiy rayon, Vytegorskiy rayon, Northwestern Federal District 162952, Russia"
48.0168,7.92045,727.4,2928,"Der Obere Weg, Gundelfingen, BW 79194, Germany"
56.1907,89.7212,297.9,1880,"Sibir', Bogotol'skiy rayon, Siberian Federal District 662066, Russia"
55.8303,49.0481,79.3,2395,"ulitsa Vosstaniya 123/1, Kazan, Volga Federal District 420095, Russia"
35.7184,139.645,44,2982,"MajorRoad, Tokyo, Tokyo, Japan"
47.0972,15.4466,509.49,1222,"Oberer Plattenweg 9, Graz, Styria 8045, Austria"
51.8026,0.410697,83.1,386,"5 The Street, Chelmsford, England CM3 1, United Kingdom"
50.2384,45.3582,186.54,550,"R228, Kamyshinskiy rayon, Southern Federal District 403859, Russia"
48.8922,10.2716,591.35,2836,"Street, Westhausen, BW 73463, Germany"
56.3825,58.8388,373.99,563,"65K-1604000, Nizhneserginskiy rayon, Ural Federal District 623090, Russia"
14.1419,120.853,408.56,1327,"Zamora 119, Alfonso, Calabarzon, Philippines"
45.1879,38.9989,16.76,870,"Krasnodar, Krasnodar, Southern Federal District 350000, Russia"
29.601,115.936,106,1958,"Jiangxi, China"
51.1535,12.9276,228.8,1737,"Chemnitzer Strae 69, Leisnig, SN 04703, Germany"
43.5471,10.3587,42,3654,"Via dell'Uliveta & Via delle Macchie, Leghorn, Tosc. 57124, Italy"
59.6698,9.43353,466.6,466,"Kongsberg, Buskerud 3614, Norway"
47.0495,13.9077,1051,2785,"Turracher Bundesstrae, Stadl-Predlitz, Styria 8863, Austria"
25.6835,82.7194,65,707,"Varanasi RD, Jaunpur Sub-District, Uttar Pradesh 222180, India"
56.0081,12.5863,127.71,1011,"Strandvejen 198C, Snekkersten, Capital Region 3070, Denmark"
60.242,14.3723,332.27,520,"Fredriksberg, Dalarna County 770 10, Sweden"
39.5571,2.67809,-17.17,1499,"Carrer Vicari Joaquim Fuster, Palma, Autonoma of Balearic Islands 07006, Spain"
51.1694,9.47476,272.1,2431,"E45, Felsberg, HE 34587, Germany"
55.6333,37.2536,178,1033,"ulitsa Chekhova 35, Moscow, Central Federal District 142750, Russia"
48.0919,-4.31949,4.34,972,"Sentier des Plomarc'h, Douarnenez, Brittany 29100, France"
40.2082,-8.47446,28,1060,"Rua Soldado Fernando Marques Gomes 6, Coimbra, Coimbra 3045-128, Portugal"
50.3789,18.9437,299.9,1918,"ulica Bytomska 116, Piekary lskie, SL 41-940, Poland"
55.1943,98.7779,459.94,216,"Sibir', Nizhneudinskiy rayon, Siberian Federal District 665135, Russia"
47.594,35.7728,52.4,1227,"T0803 & T0803, Orikhivskyi raion, Zaporizhzhya, Ukraine"
50.3829,18.9468,321.2,1308,"ulica ks. Jerzego Popieuszki 15, Piekary lskie, SL 41-940, Poland"
49.3578,2.87471,179,1709,"D332, Saint-Jean-aux-Bois, Picardy 60350, France"
49.901,80.056,130.45,3572,"Semey audani, Shigis Qazaqstan oblisi, Kazakhstan"
38.6956,-0.474654,642,1626,"Carrer de Sant Josep 54, Alcoy, Valencian Community 03801, Spain"
47.7414,-122.187,61,5725,"I-405 N, Bothell, WA 98011, United States"
47.737,10.1534,900.29,688,"Buchenberg, BY, Germany"
50.5229,19.375,324.4,3352,"ulica Zawiercka & ulica Kopalnia, Myszkw, SL 42-300, Poland"
43.7396,11.5523,795.2,1097,"Strada provinciale di Vallombrosa, Reggello, Tosc. 50066, Italy"
48.7937,1.65437,101,1422,"N12, Gambais, IdF 78950, France"
12.959,77.6644,810,5127,"G255 1st Main Road, Bengaluru, Karnataka 560017, India"
53.381,9.96031,80.5,1102,"Dahlgrund, Seevetal, NI 21218, Germany"
51.0462,-3.86955,139.5,5566,"A361, West Buckland, England EX36 3, United Kingdom"
55.7956,37.9562,154.4,1636,"shosse Entuziastov & Kuchino-M7, Balashikha, Central Federal District 143900, Russia"
51.6375,17.8316,155,1556,"ulica Komuny Paryskiej 31, Ostrw Wielkopolski, WP 63-400, Poland"
-23.134,119.237,711.53,5333,"Great Northern Hwy, Newman, WA 6753, Australia"
48.8915,8.7024,278,2076,"stliche Karl-Friedrich-Strae 1, Pforzheim, BW 75175, Germany"
37.5067,15.0863,38.59,514,"Via Etnea 99, Catania, Sic. 95124, Italy"
45.6938,15.5998,244,846,"Miladini, Jastrebarsko, Zagreb 10450, Croatia"
-12.3615,14.6337,1244.85,383,"Huambo-Lobito, Balombo, Benguela, Angola"
55.4541,38.8413,140.4,4235,"Moskovskoe bol'shoe kol'tso, Orekhovo-Zuevskiy rayon, Central Federal District 142651, Russia"
52.2664,21.0401,79.4,1035,"ulica Szwedzka, Warsaw, MA 03-420, Poland"
56.8668,46.7803,94.18,1789,"Kilemarskiy rayon, Kilemarskiy rayon, Volga Federal District 425270, Russia"
35.848,139.038,-9999,3063,"Tokyo, Japan"
45.4026,-72.4888,246.85,2124,"276 Rang 8e E, St-Joachim-de-Shefford, QC J0E 2G0, Canada"
52.2138,0.215213,27.53,521,"Ramp, Quy, England CB25 9, United Kingdom"
51.4183,0.169904,46.76,2786,"188 Birchwood Road, Dartford, England DA2 7, United Kingdom"
43.7284,2.65362,895.61,1342,"Chemin rural de Coste  la Vernde & Chemin Rural D'Ornac  Escouillac, Lacaune, Mid-Pyrenees 81230, France"
-25.7726,27.8545,1211,4216,"R512, Pecanwood Estate, North West, South Africa"
50.1989,45.3262,220.8,550,"R228, Kamyshinskiy rayon, Southern Federal District 403859, Russia"
53.471,14.4919,77,851,"ulica Miodowa, Szczecin, ZP 71-497, Poland"
54.2925,48.2331,111.86,479,"ulitsa Mira, Ulyanovsk, Volga Federal District 432045, Russia"
43.6239,7.05952,107.32,531,"Route du Pin Montard, Biot, PACA 06410, France"
50.992,81.4715,234.31,1626,"Loktevskiy rayon, Siberian Federal District, Russia"
47.0521,39.3131,18.1,990,"R268, Azovskiy rayon, Southern Federal District 346761, Russia"
7.44145,125.805,48.2,6045,"National Hwy, Tagum, Davao Region, Philippines"
29.7806,-98.9626,409,2593,"173 Oilwell, Pipe Creek, TX 78063, United States"
47.1418,24.5091,368.5,549,"Strada Granicerilor, Bistrita, Bistria-Nsud 420095, Romania"
40.7069,-77.7625,365.6,792,"14985 Beidleheimer Rd, Huntingdon, PA 16652, United States"
59.6677,9.68844,265.07,711,"Drammensveien, Kongsberg, Buskerud 3612, Norway"
10.3653,124.74,14.6,1151,"NA"
50.0343,11.7869,765.83,2134,"Street, Bayreuth (Gemfr. Gebiet), BY 95493, Germany"
42.4069,-4.35796,868,743,"N-611 13, Osorno, Castilla and Leon 34460, Spain"
7.20925,124.25,51,1068,"Cotabato City, Soccsksargen, Philippines"
50.6872,10.6657,809.09,2858,"Zella-Mehlis, TH, Germany"
53.8044,9.46789,-2.5,2760,"Am Altendeich, SH 25348, Germany"
52.1704,5.35944,7.83,635,"Vanadiumweg 13, Amersfoort, Utrecht 3812 PX, Netherlands"
49.3137,44.8527,145.69,289,"R228, Dubovskiy rayon, Southern Federal District 404002, Russia"
52.4274,4.60754,-0.82,1557,"Overveen, North Holland 2051, Netherlands"
53.5545,9.97301,14.08,3334,"GlacisChaussee, Hamburg, HH 20359, Germany"
56.1161,47.4628,127,1209,"Novocheboksarsk, Novocheboksarsk, Volga Federal District 429956, Russia"
50.4333,35.5934,146.3,3215,"K-4 & Respublikanskaya ulitsa, Grayvoronskiy rayon, Central Federal District 309384, Russia"
49.3779,102.854,920.6,1005,"Khutag-Ondor, Bulgan, Mongolia"
51.4138,-0.42156,61.2,929,"54 Nursery Road, Sunbury, England TW16 6, United Kingdom"
56.8456,59.8197,382.22,880,"E22, Pervoural'sk, Ural Federal District 623143, Russia"
57.8094,14.1242,179.4,1557,"Jonkoping, Jonkoping County 555 94, Sweden"
37.0881,-8.89537,87.14,1146,"Vila do Bispo, Faro 8650, Portugal"
48.3793,15.674,244.75,1356,"Krems an der Donau, Lower Austria 3506, Austria"
50.1965,39.5659,91.05,562,"Proletarskaya ulitsa 80, Rossoshanskiy rayon, Central Federal District, Russia"
51.673,19.3976,227.99,3662,"ulica dzka, Ksawerw, LD 95-054, Poland"
55.7213,37.5583,1,1188,"Moscow, Moscow, Central Federal District 119270, Russia"
47.798,9.01365,465.9,2926,"Street, Bodman-Ludwigshafen, BW 78351, Germany"
53.2292,-6.26614,342.85,4101,"Ballybrack Road, Dublin, County Dublin 18, Ireland"
-2.98534,-79.7276,32.53,1748,"E25, Tenguel, Guayas, Ecuador"
39.2776,-120.207,1832.1,5203,"8697 CA-89, Truckee, CA 96161, United States"
52.021,47.8501,39.93,346,"Saratovskoe shosse, Balakovskiy rayon, Volga Federal District 413808, Russia"
50.7433,6.07938,234.7,4988,"Am Chorusberg, Aachen, NW 52076, Germany"
17.0814,98.6152,946.24,978,"Sam Muen Mae Ramat, Mae Ramat, Tak 63140, Thailand"
47.5088,40.8882,26.2,1567,"Semikarakorskiy rayon, Semikarakorskiy rayon, Southern Federal District 346630, Russia"
51.2074,71.3604,107.29,4746,"Astana, Astana 010004, Kazakhstan"
54.083,52.3925,160.02,2395,"Ural, Severniy rayon, Volga Federal District 461670, Russia"
57.954,56.224,185.03,1795,"ulitsa Vasiliya Vasil'eva, Perm, Volga Federal District 614033, Russia"
56.1315,37.9945,168.37,1792,"Yaroslavskoe shosse, Pushkinskiy rayon, Central Federal District 141273, Russia"
25.1657,-80.3787,-20.7,1198,"Overseas Hwy, Key Largo, FL 33037, United States"
55.1631,61.4334,190.61,1523,"Artilleriyskaya ulitsa 136 korp 1, Chelyabinsk, Ural Federal District 454007, Russia"
56.8402,60.6527,283.88,2378,"ulitsa Malysheva 123, Yekaterinburg, Ural Federal District 620049, Russia"
49.405,7.31106,459,1837,"L354, Dunzweiler, RP 66916, Germany"
55.6378,12.6073,130.68,3604,"Tejn Alle, Kastrup, Capital Region 2770, Denmark"
3.08144,101.54,22,910,"50 Jalan Bola Tampar 13/14, Shah Alam, Selangor 40100, Malaysia"
63.4369,10.9881,51.09,2434,"Hell, Nord-Trndelag 7517, Norway"
28.3931,-16.6363,95.83,2785,"TF-5, San Juan de la Rambla, Canary Islands 38428, Spain"
54.7062,55.9988,196.56,5974,"ulitsa Stepana Kuvykina 16, Ufa, Volga Federal District 450092, Russia"
53.8721,27.6605,208,686,"Lazo vulitsa, Minsk, Minsk, Belarus"
55.1639,61.4166,235.73,3166,"Chelyabinsk, Chelyabinsk, Ural Federal District 454091, Russia"
42.0488,8.75097,17.94,1381,"Rsidence Phare de la Riscia, Calcatoggio, Corsica 20111, France"
41.7263,2.25147,445,1195,"Figar, Catalonia, Spain"
51.9348,1.18631,37.8,1322,"Wrabness Road, Harwich, England CO12 5, United Kingdom"
50.0969,24.3418,212.8,268,"Danyla Halytskoho vulytsia, 9, Kamianka-Buzkyi raion, Lviv, Ukraine"
53.8856,87.2392,198.8,594,"Severnoe shosse 22, Novokuznetsk, Siberian Federal District 654000, Russia"
50.7133,-1.29639,23.21,1985,"Dodnor Lane, Newport, England PO30 5, United Kingdom"
35.2822,139.182,13.8,456,"Kanagawa, Japan"
50.7999,25.2116,208.05,517,"Solovina vulytsia, 4, Lutskyi raion, Volyn, Ukraine"
45.4731,9.49611,141.8,9638,"Rivolta d'Adda, Lomb., Italy"
-1.54483,37.1412,1689.67,1732,"A109, Kyumbi, Eastern, Kenya"
42.5539,0.558467,2163.35,3417,"Benasque, Aragon, Spain"
45.4747,11.0715,124.7,2245,"Via delle Rive 2, Verona, Ven. 37141, Italy"
51.7607,-1.29647,54.03,2591,"Western By Pass Road, Botley, England OX2 9, United Kingdom"
52.1841,5.2325,-8.61,2283,"Lage Vuursche, Utrecht 3749, Netherlands"
-34.4476,-58.6987,30.84,2654,"Henry Ford 3537, Ricardo Rojas, Buenos Aires 1618, Argentina"
48.814,9.72137,304.72,1504,"Street, Lorch, BW 73547, Germany"
5.3926,100.285,28,949,"Taman Thean Teik, Mukim 13 Paya Terubong, Pinang 11500, Malaysia"
55.8749,37.4531,193.4,2773,"Leningradskoe shosse, Moscow, Central Federal District 125445, Russia"
45.5239,25.2773,930.69,3980,"Moieciu, Braov 507130, Romania"
9.9719,124.439,49.7,761,"National Rd, Ubay, Central Visayas, Philippines"
55.6385,37.7485,133.7,4293,"Brateevskiy most, Moscow, Central Federal District 115612, Russia"
0.532373,33.785,1124.88,1498,"A109, Bugiri, Eastern, Uganda"
57.9996,56.1827,117.6,1212,"Ugleural'skaya ulitsa 12, Perm, Volga Federal District 614046, Russia"
57.6411,27.3685,214.27,803,"7, Misso, Vrumaa 65003, Estonia"
55.6522,51.364,189.28,1094,"Volga, Mamadyshskiy rayon, Volga Federal District, Russia"
55.6137,36.8823,1,1239,"Odintsovskiy rayon, Odintsovskiy rayon, Central Federal District 143060, Russia"
55.6548,37.5381,204.6,1686,"Profsoyuznaya ulitsa, Moscow, Central Federal District 117342, Russia"
50.6646,8.84323,276,535,"Street, Allendorf an der Lumda, HE 35469, Germany"
48.9238,44.2554,131.04,3713,"Kaspiy, Gorodishchenskiy rayon, Southern Federal District, Russia"
50.3219,8.52139,329.87,1004,"K723, Neu-Anspach, HE 61267, Germany"
14.5053,121.023,3.57,934,"Pasay City, National Capital Region, Philippines"
51.2781,11.5065,111,4259,"Querfurt, ST, Germany"
47.7425,26.6617,192.7,1601,"Strada Arhimandrit Marchian 6, Botosani, Botoani 710234, Romania"
46.7233,32.6022,20.73,1447,"E58, Bilozerskyi raion, Kherson, Ukraine"
54.3202,40.8811,94.35,1470,"Pervomayskaya ulitsa 80, Shilovskiy rayon, Central Federal District, Russia"
55.7532,37.4138,1,1201,"ulitsa Krylatskie Kholmy & Rubezhniy proezd, Moscow, Central Federal District 121609, Russia"
-33.8639,151.101,14,3068,"Gipps St, Concord, NSW 2137, Australia"
50.166,18.65,287.8,3455,"ulica Cmentarna 23D, Czerwionka-Leszczyny, SL 44-238, Poland"
50.7591,12.9816,423.6,3714,"Amtsberg, SN, Germany"
48.5569,-1.72979,40,2197,"Rue de Vivrais, Brittany 35120, France"
39.1416,-8.43791,100,427,"Chamusca, Santarm 2140, Portugal"
-27.7295,152.949,54,1086,"475 New Beith Rd, Greenbank, QLD 4124, Australia"
36.003,-96.4782,234.93,996,"43459 OK-33, Drumright, OK 74030, United States"
62.8844,25.8117,108.8,4922,"Ouluntie & Yhdystie, nekoski, West and Inner Finland 44460, Finland"
47.9868,20.6196,317.37,2384,"Kisgyr, Borsod-Abaj-Zempln 3556, Hungary"
36.1674,-95.8664,158.69,831,"Street, Tulsa, OK 74116, United States"
55.5939,37.5193,209.7,1944,"MKAD, Moscow, Central Federal District 117574, Russia"
42.0349,-72.4608,80,3000,"955 Somers Rd, East Longmeadow, MA 01028, United States"
52.6751,7.38774,9.32,4062,"Kreyenburg 1, Haselnne, NI 49740, Germany"
45.8137,16.2639,124,1141,"Ulica Tome Kapitana 27B, Dugo Selo, Zagreb 10370, Croatia"
60.9644,69.7041,49.68,3695,"R404, Khanty-Mansiyskiy rayon, Ural Federal District, Russia"
47.9935,20.1758,196.01,247,"Bke t 19, Bkkszk, Heves 3335, Hungary"
49.3181,6.2873,103.93,3284,"Route Nationale, Metzervisse, Lorraine 57940, France"
35.6866,139.794,16.27,2393,"Tokyo, Tokyo, Japan"
57.0065,24.4774,32.7,3892,"P3, Garkalne, Garkalne municipality 2137, Latvia"
51.8953,1.09701,32.49,3995,"Heath Road, Clacton-on-Sea, England CO16 0, United Kingdom"
47.7337,10.1718,956.4,124,"Wiggensbach, BY, Germany"
52.7271,41.4531,168.86,3047,"Tambov, Tambov, Central Federal District 392000, Russia"
51.0215,7.46753,298.15,1028,"Street, Engelskirchen, NW 51766, Germany"
50.4243,8.61147,396.2,1021,"Am Dillenberg & Street, Butzbach, HE 35510, Germany"
37.01,-2.16669,649.5,610,"AL-3107, Lucainena de las Torres, Andalusia 04210, Spain"
52.5063,-1.98762,205.3,3476,"M5, West Bromwich, England B70 6, United Kingdom"
46.831,24.657,435.54,956,"DJ154, Batos, Mure 547086, Romania"
42.8137,75.495,982.3,3675,"A365, Chui, Chuy, Kyrgyzstan"
45.5152,5.83592,693.03,5769,"Chemin de Montenct, Saint-Thibaud-de-Couz, Rhone-Alpes 73160, France"
56.1276,36.5806,213.83,696,"Moskovskoe bol'shoe kol'tso, Klinskiy rayon, Central Federal District 141621, Russia"
53.9832,10.6998,19,753,"Packan 3, Ratekau, SH 23689, Germany"
60.4623,25.8488,45.72,879,"Porvoon Moottoritie, Loviisa, Southern Finland 07740, Finland"
43.1599,43.4124,2277.98,2892,"Cherekskiy rayon, Cherekskiy rayon, North Caucasian Federal District 361801, Russia"
49.3313,12.3202,548.57,4818,"Street, Neunburg vorm Wald, BY 92431, Germany"
40.1489,20.5655,527,2666,"SH75, Qendr Leskovik, Kor, Albania"
49.2415,7.00322,206.7,2799,"Meerwiesertalweg, Saarbrcken, SL 66123, Germany"
50.8927,7.17348,97.71,1084,"Blumenweg 8, Rsrath, NW 51503, Germany"
51.8917,10.2887,556.26,4602,"Street, Harz (LK Goslar) (Gemfr. Gebiet), NI 38640, Germany"
53.4286,-6.23482,125.39,2001,"Corballis Road North, Swords, County Dublin, Ireland"
53.3917,58.9786,394.2,2410,"Magnitogorsk, Magnitogorsk, Ural Federal District 455037, Russia"
52.2497,21.0499,94,849,"Warsaw, MA 03-802, Poland"
35.4953,139.391,99,1628,"Kanagawa, Japan"
51.8657,0.390092,66.75,552,"A120, Great Dunmow, England CM6 3, United Kingdom"
48.6574,9.42578,298,1400,"Linkstrae, tlingen, BW 73230, Germany"
48.9464,8.43933,317.84,3367,"Street, Ettlingen, BW 76275, Germany"
50.1963,39.566,69.61,196,"Rossoshanskiy rayon, Central Federal District, Russia"
42.8497,26.5522,448,3608,"Kotel, Sliven 8970, Bulgaria"
44.6003,-63.5151,-0.04,1009,"Halifax, NS B3J, Canada"
50.6639,8.72671,267,1473,"Hintergasse 3, Staufenberg, HE 35460, Germany"
50.9832,3.5328,62,1486,"Guido Gezellelaan 63, Deinze, Flemish Region 9800, Belgium"
48.1331,7.83016,182.31,2451,"Dorfstrae 21, Mundingen, BW 79312, Germany"
40.0115,-8.4529,252.1,414,"N347-1 & M1077, Ansio, Leiria 3240, Portugal"
45.1325,38.9901,35.2,1411,"2-ya Tikhaya ulitsa 1/10, Krasnodar, Southern Federal District 350900, Russia"
40.7889,-2.85077,1037.8,772,"CM-2005, Brihuega, Castile-La Mancha 19413, Spain"
-7.77726,110.11,260.65,645,"Kokap, Yogyakarta, Indonesia"
40.7476,21.3381,1346,2254,"Florina, Western Macedonia 531 00, Greece"
55.8173,37.6992,155.7,1156,"3-ya Bogatyrskaya ulitsa, Moscow, Central Federal District 107564, Russia"
49.5162,11.3603,377.94,2161,"B14, Reichenschwand, BY 91244, Germany"
57.3915,34.8113,166.8,1083,"Rossiya, Spirovskiy rayon, Central Federal District, Russia"
51.7771,102.96,678.7,2805,"A333, Tunkinskiy rayon, Siberian Federal District 671010, Russia"
47.8957,19.7655,766.55,300,"Pszt, Ngrd 3060, Hungary"
56.1985,36.9471,214.1,818,"Solnechnogorskiy rayon, Solnechnogorskiy rayon, Central Federal District 141503, Russia"
50.913,-1.40045,19.3,4388,"Dorset Street, Southampton, England SO14 0, United Kingdom"
60.2318,24.9748,16.81,2209,"Helsinki, Southern Finland 00650, Finland"
61.1107,10.7468,703.49,721,"Hedmark 2380, Norway"
49.1391,19.7185,983.4,1438,"Konsk 303, Konsk, Zilina 032 04, Slovakia"
53.2359,10.02,49.16,663,"Im Auetal & Westfeld, Nindorf, NI 21271, Germany"
43.5849,1.46593,159,1061,"24 Rue Dufour, Toulouse, Mid-Pyrenees 31400, France"
55.849,49.0838,69.6,1097,"ulitsa Kopylova, Kazan, Volga Federal District 420036, Russia"
40.6928,-7.45044,420.65,1785,"Fornos de Algodres, Guarda 6370, Portugal"
47.604,9.58676,352,1750,"Friedrichshafener Strae, Kressbronn, BW 88079, Germany"
54.6994,55.985,176.1,2141,"Ufa, Ufa, Volga Federal District 450092, Russia"
50.2124,6.97146,468,1118,"Meisericher Strae, Ulmen, RP 56766, Germany"
51.4562,6.12299,20.32,2996,"Horsterdijk & Meerloselaan, Lottum, Limburg 5973 PR, Netherlands"
37.6982,12.8189,217.38,1648,"Autostrada Palermo-Mazara del Vallo, Castelvetrano, Sic. 91022, Italy"
58.6253,49.605,133.81,3634,"Luganskaya ulitsa, Kirov, Volga Federal District 610044, Russia"
48.0291,7.58306,193.36,1949,"Richard-Mller-Strae 3, Breisach am Rhein, BW 79206, Germany"
51.7876,41.4431,132.59,1257,"Tsentral'naya ulitsa, Zherdevskiy rayon, Central Federal District 393668, Russia"
61.195,10.8379,759.1,1494,"Sjusjen, Hedmark 2612, Norway"
54.3415,10.1053,12.4,3766,"Kopperpahler Teich 21, Kiel, SH 24118, Germany"
51.5871,8.16819,89.54,4337,"Street, Bad Sassendorf, NW 59505, Germany"
61.5017,8.66477,1470.07,797,"Oppland 2680, Norway"
-38.3436,143.112,80.4,1495,"69 Shenfields Ln, Cobden, VIC 3266, Australia"
48.1797,14.827,248,3680,"Ardagger Markt 32, Ardagger, Lower Austria 3321, Austria"
51.808,-1.27151,107.4,761,"A34, Islip, England OX5 2, United Kingdom"
52.9054,11.4935,23.69,1668,"L1, Arendsee, ST 39619, Germany"
-29.5739,31.1511,85.14,1469,"North Coast Toll Rd, Tongaat, Kwazulu Natal 9186, South Africa"
45.7386,38.096,-6.71,780,"03K-058, Primorsko-Akhtarskiy rayon, Southern Federal District, Russia"
52.8474,-1.02255,98.19,1724,"Melton Road, Melton Mowbray, England LE14 3, United Kingdom"
59.6884,18.6259,22.62,1009,"Vrnvgen, Norrtlje, Stockholm County 761 93, Sweden"
54.2627,40.4842,144.6,2974,"Shilovskiy rayon, Central Federal District, Russia"
